id,deviceId,phase,voltage,current,power,pf,frequency,energy,deviceReadingTimestamp,createdAt,timestamp,delta_sec,state
1414441,0000-FCFB-0ABF-1388,1,237.0,0.0,1.5,1.0,50.1,264.85,2026-02-20 07:30:00.000,2026-02-20 07:30:04.298,2026-02-20 07:30:00,1.0,0
1414444,0000-FCFB-0ABF-1388,1,237.0,0.0,1.4,1.0,50.1,264.85,2026-02-20 07:30:01.000,2026-02-20 07:30:04.298,2026-02-20 07:30:01,1.0,0
1414447,0000-FCFB-0ABF-1388,1,237.1,0.0,1.5,1.0,50.1,264.85,2026-02-20 07:30:02.000,2026-02-20 07:30:04.298,2026-02-20 07:30:02,1.0,0
1414450,0000-FCFB-0ABF-1388,1,237.2,0.0,1.6,1.0,50.1,264.85,2026-02-20 07:30:03.000,2026-02-20 07:30:04.298,2026-02-20 07:30:03,1.0,0
1414498,0000-FCFB-0ABF-1388,1,237.2,0.0,1.6,1.0,50.1,264.85,2026-02-20 07:30:04.000,2026-02-20 07:30:19.463,2026-02-20 07:30:04,1.0,0
1414501,0000-FCFB-0ABF-1388,1,237.3,0.0,1.4,1.0,50.1,264.85,2026-02-20 07:30:05.000,2026-02-20 07:30:19.463,2026-02-20 07:30:05,1.0,0
1414504,0000-FCFB-0ABF-1388,1,237.4,0.0,1.5,1.0,50.1,264.85,2026-02-20 07:30:06.000,2026-02-20 07:30:19.463,2026-02-20 07:30:06,1.0,0
1414507,0000-FCFB-0ABF-1388,1,237.5,0.0,1.4,1.0,50.1,264.85,2026-02-20 07:30:07.000,2026-02-20 07:30:19.463,2026-02-20 07:30:07,1.0,0
1414510,0000-FCFB-0ABF-1388,1,237.6,0.0,1.4,1.0,50.1,264.85,2026-02-20 07:30:08.000,2026-02-20 07:30:19.463,2026-02-20 07:30:08,1.0,0
1414513,0000-FCFB-0ABF-1388,1,237.6,0.0,1.4,1.0,50.1,264.85,2026-02-20 07:30:09.000,2026-02-20 07:30:19.463,2026-02-20 07:30:09,1.0,0
1414516,0000-FCFB-0ABF-1388,1,237.6,0.0,1.5,1.0,50.1,264.85,2026-02-20 07:30:10.000,2026-02-20 07:30:19.463,2026-02-20 07:30:10,1.0,0
1414519,0000-FCFB-0ABF-1388,1,237.7,0.0,1.4,1.0,50.1,264.85,2026-02-20 07:30:11.000,2026-02-20 07:30:19.463,2026-02-20 07:30:11,1.0,0
1414522,0000-FCFB-0ABF-1388,1,237.8,0.0,1.5,1.0,50.1,264.85,2026-02-20 07:30:12.000,2026-02-20 07:30:19.463,2026-02-20 07:30:12,1.0,0
1414525,0000-FCFB-0ABF-1388,1,237.8,0.0,1.5,1.0,50.1,264.85,2026-02-20 07:30:13.000,2026-02-20 07:30:19.463,2026-02-20 07:30:13,1.0,0
1414528,0000-FCFB-0ABF-1388,1,238.0,0.0,1.5,1.0,50.1,264.85,2026-02-20 07:30:14.000,2026-02-20 07:30:19.463,2026-02-20 07:30:14,1.0,0
1414531,0000-FCFB-0ABF-1388,1,238.1,0.0,1.4,1.0,50.1,264.85,2026-02-20 07:30:15.000,2026-02-20 07:30:19.463,2026-02-20 07:30:15,1.0,0
1414534,0000-FCFB-0ABF-1388,1,238.2,0.0,1.5,1.0,50.1,264.85,2026-02-20 07:30:16.000,2026-02-20 07:30:19.463,2026-02-20 07:30:16,1.0,0
1414537,0000-FCFB-0ABF-1388,1,238.3,0.0,1.4,1.0,50.1,264.85,2026-02-20 07:30:17.000,2026-02-20 07:30:19.463,2026-02-20 07:30:17,1.0,0
1414540,0000-FCFB-0ABF-1388,1,238.3,0.0,1.4,1.0,50.1,264.85,2026-02-20 07:30:18.000,2026-02-20 07:30:19.463,2026-02-20 07:30:18,1.0,0
1414588,0000-FCFB-0ABF-1388,1,238.3,0.0,1.4,1.0,50.2,264.85,2026-02-20 07:30:19.000,2026-02-20 07:30:38.446,2026-02-20 07:30:19,1.0,0
1414591,0000-FCFB-0ABF-1388,1,238.4,0.0,1.5,1.0,50.1,264.85,2026-02-20 07:30:20.000,2026-02-20 07:30:38.446,2026-02-20 07:30:20,1.0,0
1414594,0000-FCFB-0ABF-1388,1,238.4,0.0,1.5,1.0,50.2,264.85,2026-02-20 07:30:21.000,2026-02-20 07:30:38.446,2026-02-20 07:30:21,1.0,0
1414597,0000-FCFB-0ABF-1388,1,238.1,0.0,1.4,1.0,50.1,264.85,2026-02-20 07:30:22.000,2026-02-20 07:30:38.446,2026-02-20 07:30:22,1.0,0
1414600,0000-FCFB-0ABF-1388,1,238.1,0.0,1.4,1.0,50.1,264.85,2026-02-20 07:30:23.000,2026-02-20 07:30:38.446,2026-02-20 07:30:23,1.0,0
1414603,0000-FCFB-0ABF-1388,1,238.1,0.0,1.3,1.0,50.1,264.85,2026-02-20 07:30:24.000,2026-02-20 07:30:38.446,2026-02-20 07:30:24,1.0,0
1414606,0000-FCFB-0ABF-1388,1,238.1,0.0,1.5,1.0,50.1,264.85,2026-02-20 07:30:25.000,2026-02-20 07:30:38.446,2026-02-20 07:30:25,1.0,0
1414609,0000-FCFB-0ABF-1388,1,238.2,0.02,1.5,0.31,50.1,264.85,2026-02-20 07:30:26.000,2026-02-20 07:30:38.446,2026-02-20 07:30:26,1.0,0
1414612,0000-FCFB-0ABF-1388,1,238.2,0.0,1.6,1.0,50.1,264.85,2026-02-20 07:30:27.000,2026-02-20 07:30:38.446,2026-02-20 07:30:27,1.0,0
1414615,0000-FCFB-0ABF-1388,1,238.2,0.0,1.6,1.0,50.1,264.85,2026-02-20 07:30:28.000,2026-02-20 07:30:38.446,2026-02-20 07:30:28,1.0,0
1414618,0000-FCFB-0ABF-1388,1,238.1,0.0,1.5,1.0,50.1,264.85,2026-02-20 07:30:29.000,2026-02-20 07:30:38.446,2026-02-20 07:30:29,1.0,0
1414621,0000-FCFB-0ABF-1388,1,238.1,0.0,1.4,1.0,50.2,264.85,2026-02-20 07:30:30.000,2026-02-20 07:30:38.446,2026-02-20 07:30:30,1.0,0
1414624,0000-FCFB-0ABF-1388,1,238.0,0.0,1.3,1.0,50.1,264.85,2026-02-20 07:30:31.000,2026-02-20 07:30:38.446,2026-02-20 07:30:31,1.0,0
1414627,0000-FCFB-0ABF-1388,1,238.0,0.0,1.3,1.0,50.1,264.85,2026-02-20 07:30:32.000,2026-02-20 07:30:38.446,2026-02-20 07:30:32,1.0,0
1414669,0000-FCFB-0ABF-1388,1,238.1,0.0,1.4,1.0,50.1,264.85,2026-02-20 07:30:38.000,2026-02-20 07:30:50.491,2026-02-20 07:30:38,6.0,0
1414672,0000-FCFB-0ABF-1388,1,238.0,0.0,1.4,1.0,50.2,264.85,2026-02-20 07:30:39.000,2026-02-20 07:30:50.491,2026-02-20 07:30:39,1.0,0
1414675,0000-FCFB-0ABF-1388,1,237.9,0.0,1.5,1.0,50.1,264.85,2026-02-20 07:30:40.000,2026-02-20 07:30:50.491,2026-02-20 07:30:40,1.0,0
1414678,0000-FCFB-0ABF-1388,1,237.9,0.0,1.5,1.0,50.1,264.85,2026-02-20 07:30:41.000,2026-02-20 07:30:50.491,2026-02-20 07:30:41,1.0,0
1414681,0000-FCFB-0ABF-1388,1,237.8,0.0,1.5,1.0,50.1,264.85,2026-02-20 07:30:42.000,2026-02-20 07:30:50.491,2026-02-20 07:30:42,1.0,0
1414684,0000-FCFB-0ABF-1388,1,237.8,0.0,1.5,1.0,50.1,264.85,2026-02-20 07:30:43.000,2026-02-20 07:30:50.491,2026-02-20 07:30:43,1.0,0
1414687,0000-FCFB-0ABF-1388,1,237.9,0.0,1.5,1.0,50.1,264.85,2026-02-20 07:30:44.000,2026-02-20 07:30:50.491,2026-02-20 07:30:44,1.0,0
1414690,0000-FCFB-0ABF-1388,1,238.3,0.0,1.3,1.0,50.2,264.85,2026-02-20 07:30:45.000,2026-02-20 07:30:50.491,2026-02-20 07:30:45,1.0,0
1414693,0000-FCFB-0ABF-1388,1,238.3,0.0,1.3,1.0,50.2,264.85,2026-02-20 07:30:46.000,2026-02-20 07:30:50.491,2026-02-20 07:30:46,1.0,0
1414696,0000-FCFB-0ABF-1388,1,238.7,0.0,1.5,1.0,50.1,264.85,2026-02-20 07:30:47.000,2026-02-20 07:30:50.491,2026-02-20 07:30:47,1.0,0
1414699,0000-FCFB-0ABF-1388,1,238.8,0.0,1.4,1.0,50.1,264.85,2026-02-20 07:30:48.000,2026-02-20 07:30:50.491,2026-02-20 07:30:48,1.0,0
1414720,0000-FCFB-0ABF-1388,1,239.1,0.0,1.6,1.0,50.1,264.85,2026-02-20 07:30:51.000,2026-02-20 07:31:04.413,2026-02-20 07:30:51,3.0,0
1414723,0000-FCFB-0ABF-1388,1,239.1,0.0,1.6,1.0,50.1,264.85,2026-02-20 07:30:52.000,2026-02-20 07:31:04.413,2026-02-20 07:30:52,1.0,0
1414726,0000-FCFB-0ABF-1388,1,239.1,0.0,1.4,1.0,50.1,264.85,2026-02-20 07:30:53.000,2026-02-20 07:31:04.413,2026-02-20 07:30:53,1.0,0
1414729,0000-FCFB-0ABF-1388,1,239.1,0.0,1.5,1.0,50.2,264.85,2026-02-20 07:30:54.000,2026-02-20 07:31:04.413,2026-02-20 07:30:54,1.0,0
1414732,0000-FCFB-0ABF-1388,1,239.0,0.0,1.4,1.0,50.1,264.85,2026-02-20 07:30:55.000,2026-02-20 07:31:04.413,2026-02-20 07:30:55,1.0,0
1414735,0000-FCFB-0ABF-1388,1,239.0,0.0,1.4,1.0,50.1,264.85,2026-02-20 07:30:56.000,2026-02-20 07:31:04.413,2026-02-20 07:30:56,1.0,0
1414738,0000-FCFB-0ABF-1388,1,239.1,0.0,1.4,1.0,50.2,264.85,2026-02-20 07:30:57.000,2026-02-20 07:31:04.413,2026-02-20 07:30:57,1.0,0
1414741,0000-FCFB-0ABF-1388,1,239.2,0.0,1.5,1.0,50.1,264.85,2026-02-20 07:30:58.000,2026-02-20 07:31:04.413,2026-02-20 07:30:58,1.0,0
1414744,0000-FCFB-0ABF-1388,1,239.2,0.0,1.4,1.0,50.1,264.85,2026-02-20 07:30:59.000,2026-02-20 07:31:04.413,2026-02-20 07:30:59,1.0,0
1414747,0000-FCFB-0ABF-1388,1,239.1,0.0,1.5,1.0,50.1,264.85,2026-02-20 07:31:00.000,2026-02-20 07:31:04.413,2026-02-20 07:31:00,1.0,0
1414750,0000-FCFB-0ABF-1388,1,239.1,0.0,1.5,1.0,50.1,264.85,2026-02-20 07:31:01.000,2026-02-20 07:31:04.413,2026-02-20 07:31:01,1.0,0
1414753,0000-FCFB-0ABF-1388,1,239.1,0.0,1.4,1.0,50.2,264.85,2026-02-20 07:31:02.000,2026-02-20 07:31:04.413,2026-02-20 07:31:02,1.0,0
1414756,0000-FCFB-0ABF-1388,1,239.1,0.0,1.5,1.0,50.1,264.85,2026-02-20 07:31:03.000,2026-02-20 07:31:04.413,2026-02-20 07:31:03,1.0,0
1414804,0000-FCFB-0ABF-1388,1,239.1,0.0,1.5,1.0,50.1,264.85,2026-02-20 07:31:04.000,2026-02-20 07:31:19.437,2026-02-20 07:31:04,1.0,0
1414807,0000-FCFB-0ABF-1388,1,239.0,0.0,1.5,1.0,50.1,264.85,2026-02-20 07:31:05.000,2026-02-20 07:31:19.437,2026-02-20 07:31:05,1.0,0
1414810,0000-FCFB-0ABF-1388,1,239.0,0.0,1.5,1.0,50.1,264.85,2026-02-20 07:31:06.000,2026-02-20 07:31:19.437,2026-02-20 07:31:06,1.0,0
1414813,0000-FCFB-0ABF-1388,1,239.0,0.0,1.5,1.0,50.1,264.85,2026-02-20 07:31:07.000,2026-02-20 07:31:19.437,2026-02-20 07:31:07,1.0,0
1414816,0000-FCFB-0ABF-1388,1,239.0,0.0,1.5,1.0,50.1,264.85,2026-02-20 07:31:08.000,2026-02-20 07:31:19.437,2026-02-20 07:31:08,1.0,0
1414819,0000-FCFB-0ABF-1388,1,239.0,0.0,1.4,1.0,50.2,264.85,2026-02-20 07:31:09.000,2026-02-20 07:31:19.437,2026-02-20 07:31:09,1.0,0
1414822,0000-FCFB-0ABF-1388,1,238.9,0.0,1.4,1.0,50.1,264.85,2026-02-20 07:31:10.000,2026-02-20 07:31:19.437,2026-02-20 07:31:10,1.0,0
1414825,0000-FCFB-0ABF-1388,1,238.7,0.0,1.5,1.0,50.1,264.85,2026-02-20 07:31:11.000,2026-02-20 07:31:19.437,2026-02-20 07:31:11,1.0,0
1414828,0000-FCFB-0ABF-1388,1,238.8,0.0,1.5,1.0,50.2,264.85,2026-02-20 07:31:12.000,2026-02-20 07:31:19.437,2026-02-20 07:31:12,1.0,0
1414831,0000-FCFB-0ABF-1388,1,238.8,0.0,1.5,1.0,50.1,264.85,2026-02-20 07:31:13.000,2026-02-20 07:31:19.437,2026-02-20 07:31:13,1.0,0
1414834,0000-FCFB-0ABF-1388,1,238.8,0.0,1.6,1.0,50.1,264.85,2026-02-20 07:31:14.000,2026-02-20 07:31:19.437,2026-02-20 07:31:14,1.0,0
1414837,0000-FCFB-0ABF-1388,1,238.8,0.0,1.5,1.0,50.1,264.85,2026-02-20 07:31:15.000,2026-02-20 07:31:19.437,2026-02-20 07:31:15,1.0,0
1414840,0000-FCFB-0ABF-1388,1,238.7,0.0,1.4,1.0,50.1,264.85,2026-02-20 07:31:16.000,2026-02-20 07:31:19.437,2026-02-20 07:31:16,1.0,0
1414843,0000-FCFB-0ABF-1388,1,238.7,0.0,1.4,1.0,50.1,264.85,2026-02-20 07:31:17.000,2026-02-20 07:31:19.437,2026-02-20 07:31:17,1.0,0
1414846,0000-FCFB-0ABF-1388,1,238.6,0.0,1.4,1.0,50.1,264.85,2026-02-20 07:31:18.000,2026-02-20 07:31:19.437,2026-02-20 07:31:18,1.0,0
1414891,0000-FCFB-0ABF-1388,1,238.6,0.0,1.4,1.0,50.1,264.85,2026-02-20 07:31:19.000,2026-02-20 07:31:34.438,2026-02-20 07:31:19,1.0,0
1414894,0000-FCFB-0ABF-1388,1,238.7,0.0,1.5,1.0,50.1,264.85,2026-02-20 07:31:20.000,2026-02-20 07:31:34.438,2026-02-20 07:31:20,1.0,0
1414897,0000-FCFB-0ABF-1388,1,238.7,0.0,1.5,1.0,50.1,264.85,2026-02-20 07:31:21.000,2026-02-20 07:31:34.438,2026-02-20 07:31:21,1.0,0
1414900,0000-FCFB-0ABF-1388,1,238.7,0.0,1.5,1.0,50.1,264.85,2026-02-20 07:31:22.000,2026-02-20 07:31:34.438,2026-02-20 07:31:22,1.0,0
1414903,0000-FCFB-0ABF-1388,1,238.6,0.0,1.5,1.0,50.1,264.85,2026-02-20 07:31:23.000,2026-02-20 07:31:34.438,2026-02-20 07:31:23,1.0,0
1414906,0000-FCFB-0ABF-1388,1,238.5,0.0,1.4,1.0,50.1,264.85,2026-02-20 07:31:24.000,2026-02-20 07:31:34.438,2026-02-20 07:31:24,1.0,0
1414909,0000-FCFB-0ABF-1388,1,238.4,0.0,1.5,1.0,50.2,264.85,2026-02-20 07:31:25.000,2026-02-20 07:31:34.438,2026-02-20 07:31:25,1.0,0
1414912,0000-FCFB-0ABF-1388,1,238.5,0.0,1.5,1.0,50.1,264.85,2026-02-20 07:31:26.000,2026-02-20 07:31:34.438,2026-02-20 07:31:26,1.0,0
1414915,0000-FCFB-0ABF-1388,1,238.5,0.0,1.5,1.0,50.1,264.85,2026-02-20 07:31:27.000,2026-02-20 07:31:34.438,2026-02-20 07:31:27,1.0,0
1414918,0000-FCFB-0ABF-1388,1,238.4,0.0,1.5,1.0,50.2,264.85,2026-02-20 07:31:28.000,2026-02-20 07:31:34.438,2026-02-20 07:31:28,1.0,0
1414921,0000-FCFB-0ABF-1388,1,238.4,0.0,1.5,1.0,50.2,264.85,2026-02-20 07:31:29.000,2026-02-20 07:31:34.438,2026-02-20 07:31:29,1.0,0
1414924,0000-FCFB-0ABF-1388,1,238.5,0.0,1.4,1.0,50.1,264.85,2026-02-20 07:31:30.000,2026-02-20 07:31:34.438,2026-02-20 07:31:30,1.0,0
1414927,0000-FCFB-0ABF-1388,1,238.5,0.0,1.6,1.0,50.1,264.85,2026-02-20 07:31:31.000,2026-02-20 07:31:34.438,2026-02-20 07:31:31,1.0,0
1414930,0000-FCFB-0ABF-1388,1,238.5,0.0,1.6,1.0,50.2,264.85,2026-02-20 07:31:32.000,2026-02-20 07:31:34.438,2026-02-20 07:31:32,1.0,0
1414933,0000-FCFB-0ABF-1388,1,238.5,0.0,1.4,1.0,50.2,264.85,2026-02-20 07:31:33.000,2026-02-20 07:31:34.438,2026-02-20 07:31:33,1.0,0
1414981,0000-FCFB-0ABF-1388,1,238.6,0.0,1.5,1.0,50.2,264.85,2026-02-20 07:31:34.000,2026-02-20 07:31:49.467,2026-02-20 07:31:34,1.0,0
1414984,0000-FCFB-0ABF-1388,1,238.2,0.0,1.5,1.0,50.2,264.85,2026-02-20 07:31:35.000,2026-02-20 07:31:49.467,2026-02-20 07:31:35,1.0,0
1414987,0000-FCFB-0ABF-1388,1,238.2,0.0,1.5,1.0,50.2,264.85,2026-02-20 07:31:36.000,2026-02-20 07:31:49.467,2026-02-20 07:31:36,1.0,0
1414990,0000-FCFB-0ABF-1388,1,238.3,0.0,1.5,1.0,50.2,264.85,2026-02-20 07:31:37.000,2026-02-20 07:31:49.467,2026-02-20 07:31:37,1.0,0
1414993,0000-FCFB-0ABF-1388,1,238.3,0.0,1.4,1.0,50.1,264.85,2026-02-20 07:31:38.000,2026-02-20 07:31:49.467,2026-02-20 07:31:38,1.0,0
1414996,0000-FCFB-0ABF-1388,1,238.3,0.0,1.4,1.0,50.2,264.85,2026-02-20 07:31:39.000,2026-02-20 07:31:49.467,2026-02-20 07:31:39,1.0,0
1414999,0000-FCFB-0ABF-1388,1,238.3,0.0,1.5,1.0,50.2,264.85,2026-02-20 07:31:40.000,2026-02-20 07:31:49.467,2026-02-20 07:31:40,1.0,0
1415002,0000-FCFB-0ABF-1388,1,238.3,0.0,1.5,1.0,50.2,264.85,2026-02-20 07:31:41.000,2026-02-20 07:31:49.467,2026-02-20 07:31:41,1.0,0
1415005,0000-FCFB-0ABF-1388,1,238.3,0.0,1.4,1.0,50.1,264.85,2026-02-20 07:31:42.000,2026-02-20 07:31:49.467,2026-02-20 07:31:42,1.0,0
1415008,0000-FCFB-0ABF-1388,1,238.4,0.0,1.4,1.0,50.2,264.85,2026-02-20 07:31:43.000,2026-02-20 07:31:49.467,2026-02-20 07:31:43,1.0,0
1415011,0000-FCFB-0ABF-1388,1,238.4,0.0,1.4,1.0,50.2,264.85,2026-02-20 07:31:44.000,2026-02-20 07:31:49.467,2026-02-20 07:31:44,1.0,0
1415014,0000-FCFB-0ABF-1388,1,238.4,0.0,1.4,1.0,50.1,264.85,2026-02-20 07:31:45.000,2026-02-20 07:31:49.467,2026-02-20 07:31:45,1.0,0
1415017,0000-FCFB-0ABF-1388,1,238.2,0.0,1.5,1.0,50.2,264.85,2026-02-20 07:31:46.000,2026-02-20 07:31:49.467,2026-02-20 07:31:46,1.0,0
1415020,0000-FCFB-0ABF-1388,1,238.1,0.0,1.5,1.0,50.2,264.85,2026-02-20 07:31:47.000,2026-02-20 07:31:49.467,2026-02-20 07:31:47,1.0,0
1415023,0000-FCFB-0ABF-1388,1,237.4,0.0,1.5,1.0,50.2,264.85,2026-02-20 07:31:48.000,2026-02-20 07:31:49.467,2026-02-20 07:31:48,1.0,0
1415071,0000-FCFB-0ABF-1388,1,237.9,0.0,1.4,1.0,50.2,264.85,2026-02-20 07:31:49.000,2026-02-20 07:32:04.599,2026-02-20 07:31:49,1.0,0
1415074,0000-FCFB-0ABF-1388,1,237.9,0.0,1.4,1.0,50.1,264.85,2026-02-20 07:31:50.000,2026-02-20 07:32:04.599,2026-02-20 07:31:50,1.0,0
1415077,0000-FCFB-0ABF-1388,1,238.1,0.0,1.4,1.0,50.2,264.85,2026-02-20 07:31:51.000,2026-02-20 07:32:04.599,2026-02-20 07:31:51,1.0,0
1415080,0000-FCFB-0ABF-1388,1,238.2,0.0,1.5,1.0,50.1,264.85,2026-02-20 07:31:52.000,2026-02-20 07:32:04.599,2026-02-20 07:31:52,1.0,0
1415083,0000-FCFB-0ABF-1388,1,238.2,0.0,1.5,1.0,50.2,264.85,2026-02-20 07:31:53.000,2026-02-20 07:32:04.599,2026-02-20 07:31:53,1.0,0
1415086,0000-FCFB-0ABF-1388,1,238.2,0.0,1.5,1.0,50.2,264.85,2026-02-20 07:31:54.000,2026-02-20 07:32:04.599,2026-02-20 07:31:54,1.0,0
1415089,0000-FCFB-0ABF-1388,1,238.2,0.0,1.4,1.0,50.1,264.85,2026-02-20 07:31:55.000,2026-02-20 07:32:04.599,2026-02-20 07:31:55,1.0,0
1415092,0000-FCFB-0ABF-1388,1,238.2,0.0,1.6,1.0,50.2,264.85,2026-02-20 07:31:56.000,2026-02-20 07:32:04.599,2026-02-20 07:31:56,1.0,0
1415095,0000-FCFB-0ABF-1388,1,238.1,0.0,1.4,1.0,50.1,264.85,2026-02-20 07:31:57.000,2026-02-20 07:32:04.599,2026-02-20 07:31:57,1.0,0
1415098,0000-FCFB-0ABF-1388,1,237.5,0.0,1.5,1.0,50.2,264.85,2026-02-20 07:31:58.000,2026-02-20 07:32:04.599,2026-02-20 07:31:58,1.0,0
1415101,0000-FCFB-0ABF-1388,1,237.1,0.0,1.4,1.0,50.2,264.85,2026-02-20 07:31:59.000,2026-02-20 07:32:04.599,2026-02-20 07:31:59,1.0,0
1415104,0000-FCFB-0ABF-1388,1,237.1,0.0,1.4,1.0,50.1,264.85,2026-02-20 07:32:00.000,2026-02-20 07:32:04.599,2026-02-20 07:32:00,1.0,0
1415107,0000-FCFB-0ABF-1388,1,236.9,0.0,1.5,1.0,50.2,264.85,2026-02-20 07:32:01.000,2026-02-20 07:32:04.599,2026-02-20 07:32:01,1.0,0
1415110,0000-FCFB-0ABF-1388,1,237.0,0.0,1.5,1.0,50.2,264.85,2026-02-20 07:32:02.000,2026-02-20 07:32:04.599,2026-02-20 07:32:02,1.0,0
1415113,0000-FCFB-0ABF-1388,1,236.9,0.0,1.5,1.0,50.1,264.85,2026-02-20 07:32:03.000,2026-02-20 07:32:04.599,2026-02-20 07:32:03,1.0,0
1415161,0000-FCFB-0ABF-1388,1,236.9,0.0,1.4,1.0,50.2,264.85,2026-02-20 07:32:05.000,2026-02-20 07:32:19.592,2026-02-20 07:32:05,2.0,0
1415164,0000-FCFB-0ABF-1388,1,236.9,0.0,1.4,1.0,50.2,264.85,2026-02-20 07:32:06.000,2026-02-20 07:32:19.592,2026-02-20 07:32:06,1.0,0
1415167,0000-FCFB-0ABF-1388,1,237.1,0.0,1.4,1.0,50.1,264.85,2026-02-20 07:32:07.000,2026-02-20 07:32:19.592,2026-02-20 07:32:07,1.0,0
1415170,0000-FCFB-0ABF-1388,1,237.2,0.0,1.4,1.0,50.2,264.85,2026-02-20 07:32:08.000,2026-02-20 07:32:19.592,2026-02-20 07:32:08,1.0,0
1415173,0000-FCFB-0ABF-1388,1,237.2,0.0,1.5,1.0,50.1,264.85,2026-02-20 07:32:09.000,2026-02-20 07:32:19.592,2026-02-20 07:32:09,1.0,0
1415176,0000-FCFB-0ABF-1388,1,237.1,0.0,1.5,1.0,50.2,264.85,2026-02-20 07:32:10.000,2026-02-20 07:32:19.592,2026-02-20 07:32:10,1.0,0
1415179,0000-FCFB-0ABF-1388,1,237.1,0.0,1.5,1.0,50.1,264.85,2026-02-20 07:32:11.000,2026-02-20 07:32:19.592,2026-02-20 07:32:11,1.0,0
1415182,0000-FCFB-0ABF-1388,1,237.1,0.0,1.5,1.0,50.2,264.85,2026-02-20 07:32:12.000,2026-02-20 07:32:19.592,2026-02-20 07:32:12,1.0,0
1415185,0000-FCFB-0ABF-1388,1,237.2,0.0,1.5,1.0,50.2,264.85,2026-02-20 07:32:13.000,2026-02-20 07:32:19.592,2026-02-20 07:32:13,1.0,0
1415188,0000-FCFB-0ABF-1388,1,237.3,0.0,1.5,1.0,50.1,264.85,2026-02-20 07:32:14.000,2026-02-20 07:32:19.592,2026-02-20 07:32:14,1.0,0
1415191,0000-FCFB-0ABF-1388,1,237.3,0.0,1.5,1.0,50.2,264.85,2026-02-20 07:32:15.000,2026-02-20 07:32:19.592,2026-02-20 07:32:15,1.0,0
1415194,0000-FCFB-0ABF-1388,1,237.3,0.0,1.5,1.0,50.2,264.85,2026-02-20 07:32:16.000,2026-02-20 07:32:19.592,2026-02-20 07:32:16,1.0,0
1415197,0000-FCFB-0ABF-1388,1,237.2,0.0,1.5,1.0,50.2,264.85,2026-02-20 07:32:17.000,2026-02-20 07:32:19.592,2026-02-20 07:32:17,1.0,0
1415200,0000-FCFB-0ABF-1388,1,237.4,0.0,1.4,1.0,50.1,264.85,2026-02-20 07:32:18.000,2026-02-20 07:32:19.592,2026-02-20 07:32:18,1.0,0
1415248,0000-FCFB-0ABF-1388,1,237.4,0.0,1.4,1.0,50.2,264.85,2026-02-20 07:32:20.000,2026-02-20 07:32:34.695,2026-02-20 07:32:20,2.0,0
1415251,0000-FCFB-0ABF-1388,1,237.5,0.0,1.5,1.0,50.2,264.85,2026-02-20 07:32:21.000,2026-02-20 07:32:34.695,2026-02-20 07:32:21,1.0,0
1415254,0000-FCFB-0ABF-1388,1,237.6,0.0,1.5,1.0,50.2,264.85,2026-02-20 07:32:22.000,2026-02-20 07:32:34.695,2026-02-20 07:32:22,1.0,0
1415257,0000-FCFB-0ABF-1388,1,237.6,0.0,1.5,1.0,50.2,264.85,2026-02-20 07:32:23.000,2026-02-20 07:32:34.695,2026-02-20 07:32:23,1.0,0
1415260,0000-FCFB-0ABF-1388,1,237.6,0.0,1.5,1.0,50.2,264.85,2026-02-20 07:32:24.000,2026-02-20 07:32:34.695,2026-02-20 07:32:24,1.0,0
1415263,0000-FCFB-0ABF-1388,1,237.6,0.0,1.5,1.0,50.2,264.85,2026-02-20 07:32:25.000,2026-02-20 07:32:34.695,2026-02-20 07:32:25,1.0,0
1415266,0000-FCFB-0ABF-1388,1,237.6,0.0,1.5,1.0,50.2,264.85,2026-02-20 07:32:26.000,2026-02-20 07:32:34.695,2026-02-20 07:32:26,1.0,0
1415269,0000-FCFB-0ABF-1388,1,237.6,0.0,1.5,1.0,50.1,264.85,2026-02-20 07:32:27.000,2026-02-20 07:32:34.695,2026-02-20 07:32:27,1.0,0
1415272,0000-FCFB-0ABF-1388,1,237.6,0.0,1.5,1.0,50.2,264.85,2026-02-20 07:32:28.000,2026-02-20 07:32:34.695,2026-02-20 07:32:28,1.0,0
1415275,0000-FCFB-0ABF-1388,1,237.7,0.0,1.4,1.0,50.2,264.85,2026-02-20 07:32:29.000,2026-02-20 07:32:34.695,2026-02-20 07:32:29,1.0,0
1415278,0000-FCFB-0ABF-1388,1,237.8,0.0,1.5,1.0,50.2,264.85,2026-02-20 07:32:30.000,2026-02-20 07:32:34.695,2026-02-20 07:32:30,1.0,0
1415281,0000-FCFB-0ABF-1388,1,237.8,0.0,1.4,1.0,50.2,264.85,2026-02-20 07:32:31.000,2026-02-20 07:32:34.695,2026-02-20 07:32:31,1.0,0
1415284,0000-FCFB-0ABF-1388,1,238.0,0.0,1.5,1.0,50.2,264.85,2026-02-20 07:32:32.000,2026-02-20 07:32:34.695,2026-02-20 07:32:32,1.0,0
1415287,0000-FCFB-0ABF-1388,1,238.0,0.0,1.5,1.0,50.1,264.85,2026-02-20 07:32:33.000,2026-02-20 07:32:34.695,2026-02-20 07:32:33,1.0,0
1415290,0000-FCFB-0ABF-1388,1,238.6,0.0,1.4,1.0,50.2,264.85,2026-02-20 07:32:34.000,2026-02-20 07:32:34.695,2026-02-20 07:32:34,1.0,0
1415338,0000-FCFB-0ABF-1388,1,238.7,0.0,1.5,1.0,50.2,264.85,2026-02-20 07:32:35.000,2026-02-20 07:32:49.668,2026-02-20 07:32:35,1.0,0
1415341,0000-FCFB-0ABF-1388,1,238.7,0.0,1.4,1.0,50.2,264.85,2026-02-20 07:32:36.000,2026-02-20 07:32:49.668,2026-02-20 07:32:36,1.0,0
1415344,0000-FCFB-0ABF-1388,1,238.7,0.0,1.4,1.0,50.1,264.85,2026-02-20 07:32:37.000,2026-02-20 07:32:49.668,2026-02-20 07:32:37,1.0,0
1415347,0000-FCFB-0ABF-1388,1,238.6,0.0,1.6,1.0,50.2,264.85,2026-02-20 07:32:38.000,2026-02-20 07:32:49.668,2026-02-20 07:32:38,1.0,0
1415350,0000-FCFB-0ABF-1388,1,238.6,0.0,1.4,1.0,50.2,264.85,2026-02-20 07:32:39.000,2026-02-20 07:32:49.668,2026-02-20 07:32:39,1.0,0
1415353,0000-FCFB-0ABF-1388,1,238.5,0.021,1.5,0.3,50.2,264.85,2026-02-20 07:32:40.000,2026-02-20 07:32:49.668,2026-02-20 07:32:40,1.0,0
1415356,0000-FCFB-0ABF-1388,1,238.5,0.0,1.4,1.0,50.1,264.85,2026-02-20 07:32:41.000,2026-02-20 07:32:49.668,2026-02-20 07:32:41,1.0,0
1415359,0000-FCFB-0ABF-1388,1,238.5,0.0,1.4,1.0,50.2,264.85,2026-02-20 07:32:42.000,2026-02-20 07:32:49.668,2026-02-20 07:32:42,1.0,0
1415362,0000-FCFB-0ABF-1388,1,238.6,0.0,1.4,1.0,50.2,264.85,2026-02-20 07:32:43.000,2026-02-20 07:32:49.668,2026-02-20 07:32:43,1.0,0
1415365,0000-FCFB-0ABF-1388,1,238.7,0.0,1.5,1.0,50.1,264.85,2026-02-20 07:32:44.000,2026-02-20 07:32:49.668,2026-02-20 07:32:44,1.0,0
1415368,0000-FCFB-0ABF-1388,1,238.5,0.0,1.5,1.0,50.2,264.85,2026-02-20 07:32:45.000,2026-02-20 07:32:49.668,2026-02-20 07:32:45,1.0,0
1415371,0000-FCFB-0ABF-1388,1,238.5,0.0,1.5,1.0,50.2,264.85,2026-02-20 07:32:46.000,2026-02-20 07:32:49.668,2026-02-20 07:32:46,1.0,0
1415374,0000-FCFB-0ABF-1388,1,238.1,0.0,1.5,1.0,50.2,264.85,2026-02-20 07:32:47.000,2026-02-20 07:32:49.668,2026-02-20 07:32:47,1.0,0
1415377,0000-FCFB-0ABF-1388,1,238.2,0.0,1.5,1.0,50.1,264.85,2026-02-20 07:32:48.000,2026-02-20 07:32:49.668,2026-02-20 07:32:48,1.0,0
1415380,0000-FCFB-0ABF-1388,1,238.2,0.0,1.5,1.0,50.2,264.85,2026-02-20 07:32:49.000,2026-02-20 07:32:49.668,2026-02-20 07:32:49,1.0,0
1415428,0000-FCFB-0ABF-1388,1,238.6,0.0,1.5,1.0,50.2,264.85,2026-02-20 07:32:50.000,2026-02-20 07:33:04.784,2026-02-20 07:32:50,1.0,0
1415431,0000-FCFB-0ABF-1388,1,238.6,0.0,1.5,1.0,50.2,264.85,2026-02-20 07:32:51.000,2026-02-20 07:33:04.784,2026-02-20 07:32:51,1.0,0
1415434,0000-FCFB-0ABF-1388,1,238.7,0.0,1.5,1.0,50.2,264.85,2026-02-20 07:32:52.000,2026-02-20 07:33:04.784,2026-02-20 07:32:52,1.0,0
1415437,0000-FCFB-0ABF-1388,1,238.7,0.0,1.5,1.0,50.2,264.85,2026-02-20 07:32:53.000,2026-02-20 07:33:04.784,2026-02-20 07:32:53,1.0,0
1415440,0000-FCFB-0ABF-1388,1,238.7,0.0,1.5,1.0,50.2,264.85,2026-02-20 07:32:54.000,2026-02-20 07:33:04.784,2026-02-20 07:32:54,1.0,0
1415443,0000-FCFB-0ABF-1388,1,238.7,0.0,1.5,1.0,50.2,264.85,2026-02-20 07:32:55.000,2026-02-20 07:33:04.784,2026-02-20 07:32:55,1.0,0
1415446,0000-FCFB-0ABF-1388,1,238.6,0.0,1.5,1.0,50.1,264.85,2026-02-20 07:32:56.000,2026-02-20 07:33:04.784,2026-02-20 07:32:56,1.0,0
1415449,0000-FCFB-0ABF-1388,1,238.7,0.0,1.4,1.0,50.1,264.85,2026-02-20 07:32:57.000,2026-02-20 07:33:04.784,2026-02-20 07:32:57,1.0,0
1415452,0000-FCFB-0ABF-1388,1,238.8,0.0,1.5,1.0,50.1,264.85,2026-02-20 07:32:58.000,2026-02-20 07:33:04.784,2026-02-20 07:32:58,1.0,0
1415455,0000-FCFB-0ABF-1388,1,238.9,0.0,1.5,1.0,50.1,264.85,2026-02-20 07:32:59.000,2026-02-20 07:33:04.784,2026-02-20 07:32:59,1.0,0
1415458,0000-FCFB-0ABF-1388,1,238.8,0.0,1.5,1.0,50.2,264.85,2026-02-20 07:33:00.000,2026-02-20 07:33:04.784,2026-02-20 07:33:00,1.0,0
1415461,0000-FCFB-0ABF-1388,1,238.8,0.0,1.5,1.0,50.2,264.85,2026-02-20 07:33:01.000,2026-02-20 07:33:04.784,2026-02-20 07:33:01,1.0,0
1415464,0000-FCFB-0ABF-1388,1,238.6,0.0,1.4,1.0,50.2,264.85,2026-02-20 07:33:02.000,2026-02-20 07:33:04.784,2026-02-20 07:33:02,1.0,0
1415467,0000-FCFB-0ABF-1388,1,238.7,0.0,1.5,1.0,50.2,264.85,2026-02-20 07:33:03.000,2026-02-20 07:33:04.784,2026-02-20 07:33:03,1.0,0
1415470,0000-FCFB-0ABF-1388,1,238.7,0.0,1.5,1.0,50.2,264.85,2026-02-20 07:33:04.000,2026-02-20 07:33:04.784,2026-02-20 07:33:04,1.0,0
1415518,0000-FCFB-0ABF-1388,1,238.7,0.0,1.5,1.0,50.2,264.85,2026-02-20 07:33:05.000,2026-02-20 07:33:19.826,2026-02-20 07:33:05,1.0,0
1415521,0000-FCFB-0ABF-1388,1,238.8,0.0,1.6,1.0,50.2,264.85,2026-02-20 07:33:06.000,2026-02-20 07:33:19.826,2026-02-20 07:33:06,1.0,0
1415524,0000-FCFB-0ABF-1388,1,238.8,0.0,1.6,1.0,50.1,264.85,2026-02-20 07:33:07.000,2026-02-20 07:33:19.826,2026-02-20 07:33:07,1.0,0
1415527,0000-FCFB-0ABF-1388,1,238.7,0.0,1.5,1.0,50.2,264.85,2026-02-20 07:33:08.000,2026-02-20 07:33:19.826,2026-02-20 07:33:08,1.0,0
1415530,0000-FCFB-0ABF-1388,1,238.7,0.0,1.5,1.0,50.2,264.85,2026-02-20 07:33:09.000,2026-02-20 07:33:19.826,2026-02-20 07:33:09,1.0,0
1415533,0000-FCFB-0ABF-1388,1,238.7,0.0,1.5,1.0,50.2,264.85,2026-02-20 07:33:10.000,2026-02-20 07:33:19.826,2026-02-20 07:33:10,1.0,0
1415536,0000-FCFB-0ABF-1388,1,238.6,0.0,1.5,1.0,50.2,264.85,2026-02-20 07:33:11.000,2026-02-20 07:33:19.826,2026-02-20 07:33:11,1.0,0
1415539,0000-FCFB-0ABF-1388,1,238.5,0.0,1.4,1.0,50.2,264.85,2026-02-20 07:33:12.000,2026-02-20 07:33:19.826,2026-02-20 07:33:12,1.0,0
1415542,0000-FCFB-0ABF-1388,1,238.4,0.0,1.5,1.0,50.1,264.85,2026-02-20 07:33:13.000,2026-02-20 07:33:19.826,2026-02-20 07:33:13,1.0,0
1415545,0000-FCFB-0ABF-1388,1,238.4,0.0,1.5,1.0,50.2,264.85,2026-02-20 07:33:14.000,2026-02-20 07:33:19.826,2026-02-20 07:33:14,1.0,0
1415548,0000-FCFB-0ABF-1388,1,238.4,0.0,1.4,1.0,50.2,264.85,2026-02-20 07:33:15.000,2026-02-20 07:33:19.826,2026-02-20 07:33:15,1.0,0
1415551,0000-FCFB-0ABF-1388,1,238.5,0.0,1.3,1.0,50.1,264.85,2026-02-20 07:33:16.000,2026-02-20 07:33:19.826,2026-02-20 07:33:16,1.0,0
1415554,0000-FCFB-0ABF-1388,1,238.4,0.0,1.5,1.0,50.2,264.85,2026-02-20 07:33:17.000,2026-02-20 07:33:19.826,2026-02-20 07:33:17,1.0,0
1415557,0000-FCFB-0ABF-1388,1,238.3,0.0,1.4,1.0,50.1,264.85,2026-02-20 07:33:18.000,2026-02-20 07:33:19.826,2026-02-20 07:33:18,1.0,0
1415560,0000-FCFB-0ABF-1388,1,238.3,0.0,1.4,1.0,50.2,264.85,2026-02-20 07:33:19.000,2026-02-20 07:33:19.826,2026-02-20 07:33:19,1.0,0
1415608,0000-FCFB-0ABF-1388,1,238.9,0.0,1.5,1.0,50.1,264.85,2026-02-20 07:33:20.000,2026-02-20 07:33:34.885,2026-02-20 07:33:20,1.0,0
1415611,0000-FCFB-0ABF-1388,1,239.2,0.0,1.4,1.0,50.2,264.85,2026-02-20 07:33:21.000,2026-02-20 07:33:34.885,2026-02-20 07:33:21,1.0,0
1415614,0000-FCFB-0ABF-1388,1,239.2,0.0,1.4,1.0,50.2,264.85,2026-02-20 07:33:22.000,2026-02-20 07:33:34.885,2026-02-20 07:33:22,1.0,0
1415617,0000-FCFB-0ABF-1388,1,239.2,0.0,1.4,1.0,50.2,264.85,2026-02-20 07:33:23.000,2026-02-20 07:33:34.885,2026-02-20 07:33:23,1.0,0
1415620,0000-FCFB-0ABF-1388,1,239.1,0.0,1.5,1.0,50.2,264.85,2026-02-20 07:33:24.000,2026-02-20 07:33:34.885,2026-02-20 07:33:24,1.0,0
1415623,0000-FCFB-0ABF-1388,1,239.2,0.0,1.5,1.0,50.2,264.85,2026-02-20 07:33:25.000,2026-02-20 07:33:34.885,2026-02-20 07:33:25,1.0,0
1415626,0000-FCFB-0ABF-1388,1,239.2,0.0,1.4,1.0,50.1,264.85,2026-02-20 07:33:26.000,2026-02-20 07:33:34.885,2026-02-20 07:33:26,1.0,0
1415629,0000-FCFB-0ABF-1388,1,239.2,0.0,1.6,1.0,50.2,264.85,2026-02-20 07:33:27.000,2026-02-20 07:33:34.885,2026-02-20 07:33:27,1.0,0
1415632,0000-FCFB-0ABF-1388,1,239.2,0.0,1.6,1.0,50.2,264.85,2026-02-20 07:33:28.000,2026-02-20 07:33:34.885,2026-02-20 07:33:28,1.0,0
1415635,0000-FCFB-0ABF-1388,1,239.1,0.0,1.3,1.0,50.2,264.85,2026-02-20 07:33:29.000,2026-02-20 07:33:34.885,2026-02-20 07:33:29,1.0,0
1415638,0000-FCFB-0ABF-1388,1,238.9,0.0,1.5,1.0,50.2,264.85,2026-02-20 07:33:30.000,2026-02-20 07:33:34.885,2026-02-20 07:33:30,1.0,0
1415641,0000-FCFB-0ABF-1388,1,239.0,0.0,1.4,1.0,50.2,264.85,2026-02-20 07:33:31.000,2026-02-20 07:33:34.885,2026-02-20 07:33:31,1.0,0
1415644,0000-FCFB-0ABF-1388,1,239.0,0.0,1.5,1.0,50.2,264.85,2026-02-20 07:33:32.000,2026-02-20 07:33:34.885,2026-02-20 07:33:32,1.0,0
1415647,0000-FCFB-0ABF-1388,1,239.0,0.0,1.5,1.0,50.1,264.85,2026-02-20 07:33:33.000,2026-02-20 07:33:34.885,2026-02-20 07:33:33,1.0,0
1415650,0000-FCFB-0ABF-1388,1,239.1,0.0,1.5,1.0,50.2,264.85,2026-02-20 07:33:34.000,2026-02-20 07:33:34.885,2026-02-20 07:33:34,1.0,0
1415698,0000-FCFB-0ABF-1388,1,239.1,0.0,1.4,1.0,50.2,264.85,2026-02-20 07:33:35.000,2026-02-20 07:33:49.854,2026-02-20 07:33:35,1.0,0
1415701,0000-FCFB-0ABF-1388,1,239.0,0.0,1.5,1.0,50.1,264.85,2026-02-20 07:33:36.000,2026-02-20 07:33:49.854,2026-02-20 07:33:36,1.0,0
1415704,0000-FCFB-0ABF-1388,1,238.9,0.0,1.5,1.0,50.2,264.85,2026-02-20 07:33:37.000,2026-02-20 07:33:49.854,2026-02-20 07:33:37,1.0,0
1415707,0000-FCFB-0ABF-1388,1,238.9,0.0,1.5,1.0,50.2,264.85,2026-02-20 07:33:38.000,2026-02-20 07:33:49.854,2026-02-20 07:33:38,1.0,0
1415710,0000-FCFB-0ABF-1388,1,239.0,0.0,1.5,1.0,50.2,264.85,2026-02-20 07:33:39.000,2026-02-20 07:33:49.854,2026-02-20 07:33:39,1.0,0
1415713,0000-FCFB-0ABF-1388,1,238.9,0.0,1.5,1.0,50.2,264.85,2026-02-20 07:33:40.000,2026-02-20 07:33:49.854,2026-02-20 07:33:40,1.0,0
1415716,0000-FCFB-0ABF-1388,1,239.1,0.0,1.5,1.0,50.1,264.85,2026-02-20 07:33:41.000,2026-02-20 07:33:49.854,2026-02-20 07:33:41,1.0,0
1415719,0000-FCFB-0ABF-1388,1,239.1,0.0,1.5,1.0,50.2,264.85,2026-02-20 07:33:42.000,2026-02-20 07:33:49.854,2026-02-20 07:33:42,1.0,0
1415722,0000-FCFB-0ABF-1388,1,239.0,0.0,1.5,1.0,50.1,264.85,2026-02-20 07:33:43.000,2026-02-20 07:33:49.854,2026-02-20 07:33:43,1.0,0
1415725,0000-FCFB-0ABF-1388,1,239.0,0.0,1.5,1.0,50.2,264.85,2026-02-20 07:33:44.000,2026-02-20 07:33:49.854,2026-02-20 07:33:44,1.0,0
1415728,0000-FCFB-0ABF-1388,1,239.0,0.0,1.5,1.0,50.1,264.85,2026-02-20 07:33:45.000,2026-02-20 07:33:49.854,2026-02-20 07:33:45,1.0,0
1415731,0000-FCFB-0ABF-1388,1,239.0,0.0,1.5,1.0,50.2,264.85,2026-02-20 07:33:46.000,2026-02-20 07:33:49.854,2026-02-20 07:33:46,1.0,0
1415734,0000-FCFB-0ABF-1388,1,239.0,0.0,1.5,1.0,50.1,264.85,2026-02-20 07:33:47.000,2026-02-20 07:33:49.854,2026-02-20 07:33:47,1.0,0
1415737,0000-FCFB-0ABF-1388,1,238.9,0.0,1.4,1.0,50.2,264.85,2026-02-20 07:33:48.000,2026-02-20 07:33:49.854,2026-02-20 07:33:48,1.0,0
1415740,0000-FCFB-0ABF-1388,1,238.8,0.0,1.4,1.0,50.2,264.85,2026-02-20 07:33:49.000,2026-02-20 07:33:49.854,2026-02-20 07:33:49,1.0,0
1415788,0000-FCFB-0ABF-1388,1,238.8,0.0,1.5,1.0,50.1,264.85,2026-02-20 07:33:50.000,2026-02-20 07:34:04.906,2026-02-20 07:33:50,1.0,0
1415791,0000-FCFB-0ABF-1388,1,238.8,0.0,1.5,1.0,50.2,264.85,2026-02-20 07:33:51.000,2026-02-20 07:34:04.906,2026-02-20 07:33:51,1.0,0
1415794,0000-FCFB-0ABF-1388,1,238.6,0.0,1.5,1.0,50.1,264.85,2026-02-20 07:33:52.000,2026-02-20 07:34:04.906,2026-02-20 07:33:52,1.0,0
1415797,0000-FCFB-0ABF-1388,1,238.6,0.541,66.0,0.51,50.2,264.85,2026-02-20 07:33:53.000,2026-02-20 07:34:04.906,2026-02-20 07:33:53,1.0,0
1415800,0000-FCFB-0ABF-1388,1,238.6,1.447,268.9,0.78,50.2,264.85,2026-02-20 07:33:54.000,2026-02-20 07:34:04.906,2026-02-20 07:33:54,1.0,0
1415803,0000-FCFB-0ABF-1388,1,238.5,1.319,229.3,0.73,50.1,264.85,2026-02-20 07:33:55.000,2026-02-20 07:34:04.906,2026-02-20 07:33:55,1.0,0
1415806,0000-FCFB-0ABF-1388,1,238.5,1.319,229.3,0.73,50.2,264.85,2026-02-20 07:33:56.000,2026-02-20 07:34:04.906,2026-02-20 07:33:56,1.0,0
1415809,0000-FCFB-0ABF-1388,1,238.4,1.32,229.1,0.73,50.1,264.85,2026-02-20 07:33:57.000,2026-02-20 07:34:04.906,2026-02-20 07:33:57,1.0,0
1415812,0000-FCFB-0ABF-1388,1,237.4,1.5,282.8,0.79,50.2,264.85,2026-02-20 07:33:58.000,2026-02-20 07:34:04.906,2026-02-20 07:33:58,1.0,0
1415815,0000-FCFB-0ABF-1388,1,238.2,1.554,306.2,0.83,50.2,264.85,2026-02-20 07:33:59.000,2026-02-20 07:34:04.906,2026-02-20 07:33:59,1.0,0
1415818,0000-FCFB-0ABF-1388,1,238.2,1.537,301.6,0.82,50.1,264.85,2026-02-20 07:34:00.000,2026-02-20 07:34:04.906,2026-02-20 07:34:00,1.0,0
1415821,0000-FCFB-0ABF-1388,1,238.2,1.537,301.6,0.82,50.2,264.85,2026-02-20 07:34:01.000,2026-02-20 07:34:04.906,2026-02-20 07:34:01,1.0,0
1415824,0000-FCFB-0ABF-1388,1,238.1,1.509,293.7,0.82,50.2,264.85,2026-02-20 07:34:02.000,2026-02-20 07:34:04.906,2026-02-20 07:34:02,1.0,0
1415827,0000-FCFB-0ABF-1388,1,238.1,1.488,286.9,0.81,50.2,264.85,2026-02-20 07:34:03.000,2026-02-20 07:34:04.906,2026-02-20 07:34:03,1.0,0
1415830,0000-FCFB-0ABF-1388,1,238.2,1.479,283.9,0.81,50.2,264.85,2026-02-20 07:34:04.000,2026-02-20 07:34:04.906,2026-02-20 07:34:04,1.0,0
1415878,0000-FCFB-0ABF-1388,1,238.2,1.479,283.9,0.81,50.2,264.85,2026-02-20 07:34:05.000,2026-02-20 07:34:19.896,2026-02-20 07:34:05,1.0,0
1415881,0000-FCFB-0ABF-1388,1,238.1,1.477,282.9,0.8,50.2,264.85,2026-02-20 07:34:06.000,2026-02-20 07:34:19.896,2026-02-20 07:34:06,1.0,0
1415884,0000-FCFB-0ABF-1388,1,238.1,1.476,282.7,0.8,50.1,264.85,2026-02-20 07:34:07.000,2026-02-20 07:34:19.896,2026-02-20 07:34:07,1.0,0
1415887,0000-FCFB-0ABF-1388,1,238.0,1.477,282.4,0.8,50.1,264.85,2026-02-20 07:34:08.000,2026-02-20 07:34:19.896,2026-02-20 07:34:08,1.0,0
1415890,0000-FCFB-0ABF-1388,1,237.8,1.478,282.3,0.8,50.1,264.85,2026-02-20 07:34:09.000,2026-02-20 07:34:19.896,2026-02-20 07:34:09,1.0,0
1415893,0000-FCFB-0ABF-1388,1,237.8,1.478,282.3,0.8,50.2,264.85,2026-02-20 07:34:10.000,2026-02-20 07:34:19.896,2026-02-20 07:34:10,1.0,0
1415896,0000-FCFB-0ABF-1388,1,237.6,1.477,282.2,0.8,50.2,264.85,2026-02-20 07:34:11.000,2026-02-20 07:34:19.896,2026-02-20 07:34:11,1.0,0
1415899,0000-FCFB-0ABF-1388,1,237.6,1.479,282.2,0.8,50.2,264.85,2026-02-20 07:34:12.000,2026-02-20 07:34:19.896,2026-02-20 07:34:12,1.0,0
1415902,0000-FCFB-0ABF-1388,1,237.4,1.474,280.9,0.8,50.1,264.85,2026-02-20 07:34:13.000,2026-02-20 07:34:19.896,2026-02-20 07:34:13,1.0,0
1415905,0000-FCFB-0ABF-1388,1,237.4,1.474,280.9,0.8,50.2,264.85,2026-02-20 07:34:14.000,2026-02-20 07:34:19.896,2026-02-20 07:34:14,1.0,0
1415908,0000-FCFB-0ABF-1388,1,237.5,1.468,279.1,0.8,50.1,264.85,2026-02-20 07:34:15.000,2026-02-20 07:34:19.896,2026-02-20 07:34:15,1.0,0
1415911,0000-FCFB-0ABF-1388,1,237.6,1.47,279.4,0.8,50.2,264.85,2026-02-20 07:34:16.000,2026-02-20 07:34:19.896,2026-02-20 07:34:16,1.0,0
1415914,0000-FCFB-0ABF-1388,1,235.8,8.206,1704.5,0.88,50.2,264.85,2026-02-20 07:34:17.000,2026-02-20 07:34:19.896,2026-02-20 07:34:17,1.0,0
1415917,0000-FCFB-0ABF-1388,1,235.8,8.206,1704.5,0.88,50.1,264.85,2026-02-20 07:34:18.000,2026-02-20 07:34:19.896,2026-02-20 07:34:18,1.0,0
1415920,0000-FCFB-0ABF-1388,1,236.5,6.181,1420.9,0.97,50.2,264.85,2026-02-20 07:34:19.000,2026-02-20 07:34:19.896,2026-02-20 07:34:19,1.0,0
1415968,0000-FCFB-0ABF-1388,1,236.5,6.552,1512.0,0.98,50.1,264.85,2026-02-20 07:34:20.000,2026-02-20 07:34:34.925,2026-02-20 07:34:20,1.0,0
1415971,0000-FCFB-0ABF-1388,1,236.3,6.902,1592.9,0.98,50.2,264.85,2026-02-20 07:34:21.000,2026-02-20 07:34:34.925,2026-02-20 07:34:21,1.0,1
1415974,0000-FCFB-0ABF-1388,1,236.3,7.221,1671.6,0.98,50.1,264.85,2026-02-20 07:34:22.000,2026-02-20 07:34:34.925,2026-02-20 07:34:22,1.0,1
1415977,0000-FCFB-0ABF-1388,1,236.3,7.221,1671.6,0.98,50.2,264.85,2026-02-20 07:34:23.000,2026-02-20 07:34:34.925,2026-02-20 07:34:23,1.0,1
1415980,0000-FCFB-0ABF-1388,1,236.4,7.251,1678.3,0.98,50.1,264.85,2026-02-20 07:34:24.000,2026-02-20 07:34:34.925,2026-02-20 07:34:24,1.0,1
1415983,0000-FCFB-0ABF-1388,1,236.3,7.317,1693.8,0.98,50.2,264.85,2026-02-20 07:34:25.000,2026-02-20 07:34:34.925,2026-02-20 07:34:25,1.0,1
1415986,0000-FCFB-0ABF-1388,1,236.2,7.367,1704.8,0.98,50.2,264.85,2026-02-20 07:34:26.000,2026-02-20 07:34:34.925,2026-02-20 07:34:26,1.0,1
1415989,0000-FCFB-0ABF-1388,1,236.2,7.438,1720.0,0.98,50.2,264.85,2026-02-20 07:34:27.000,2026-02-20 07:34:34.925,2026-02-20 07:34:27,1.0,1
1415992,0000-FCFB-0ABF-1388,1,236.2,7.438,1720.0,0.98,50.1,264.86,2026-02-20 07:34:28.000,2026-02-20 07:34:34.925,2026-02-20 07:34:28,1.0,1
1415995,0000-FCFB-0ABF-1388,1,236.2,7.497,1734.5,0.98,50.2,264.86,2026-02-20 07:34:29.000,2026-02-20 07:34:34.925,2026-02-20 07:34:29,1.0,1
1415998,0000-FCFB-0ABF-1388,1,236.1,7.462,1726.9,0.98,50.1,264.86,2026-02-20 07:34:30.000,2026-02-20 07:34:34.925,2026-02-20 07:34:30,1.0,1
1416001,0000-FCFB-0ABF-1388,1,236.2,7.361,1701.8,0.98,50.1,264.86,2026-02-20 07:34:31.000,2026-02-20 07:34:34.925,2026-02-20 07:34:31,1.0,1
1416004,0000-FCFB-0ABF-1388,1,236.2,7.309,1690.1,0.98,50.2,264.86,2026-02-20 07:34:32.000,2026-02-20 07:34:34.925,2026-02-20 07:34:32,1.0,1
1416007,0000-FCFB-0ABF-1388,1,236.2,7.309,1690.1,0.98,50.2,264.86,2026-02-20 07:34:33.000,2026-02-20 07:34:34.925,2026-02-20 07:34:33,1.0,1
1416010,0000-FCFB-0ABF-1388,1,236.3,7.248,1675.8,0.98,50.2,264.86,2026-02-20 07:34:34.000,2026-02-20 07:34:34.925,2026-02-20 07:34:34,1.0,1
1416058,0000-FCFB-0ABF-1388,1,236.2,7.164,1655.6,0.98,50.2,264.86,2026-02-20 07:34:35.000,2026-02-20 07:34:49.915,2026-02-20 07:34:35,1.0,1
1416061,0000-FCFB-0ABF-1388,1,236.3,7.043,1628.0,0.98,50.2,264.86,2026-02-20 07:34:36.000,2026-02-20 07:34:49.915,2026-02-20 07:34:36,1.0,1
1416064,0000-FCFB-0ABF-1388,1,236.3,7.043,1628.0,0.98,50.2,264.86,2026-02-20 07:34:37.000,2026-02-20 07:34:49.915,2026-02-20 07:34:37,1.0,1
1416067,0000-FCFB-0ABF-1388,1,236.3,6.985,1612.0,0.98,50.2,264.86,2026-02-20 07:34:38.000,2026-02-20 07:34:49.915,2026-02-20 07:34:38,1.0,1
1416070,0000-FCFB-0ABF-1388,1,236.2,7.012,1619.1,0.98,50.2,264.86,2026-02-20 07:34:39.000,2026-02-20 07:34:49.915,2026-02-20 07:34:39,1.0,1
1416073,0000-FCFB-0ABF-1388,1,236.3,7.013,1618.6,0.98,50.2,264.86,2026-02-20 07:34:40.000,2026-02-20 07:34:49.915,2026-02-20 07:34:40,1.0,1
1416076,0000-FCFB-0ABF-1388,1,236.3,7.008,1619.0,0.98,50.2,264.86,2026-02-20 07:34:41.000,2026-02-20 07:34:49.915,2026-02-20 07:34:41,1.0,1
1416079,0000-FCFB-0ABF-1388,1,236.3,7.008,1619.0,0.98,50.2,264.86,2026-02-20 07:34:42.000,2026-02-20 07:34:49.915,2026-02-20 07:34:42,1.0,1
1416082,0000-FCFB-0ABF-1388,1,236.2,7.014,1619.2,0.98,50.1,264.86,2026-02-20 07:34:43.000,2026-02-20 07:34:49.915,2026-02-20 07:34:43,1.0,1
1416085,0000-FCFB-0ABF-1388,1,236.3,7.009,1619.3,0.98,50.1,264.86,2026-02-20 07:34:44.000,2026-02-20 07:34:49.915,2026-02-20 07:34:44,1.0,1
1416088,0000-FCFB-0ABF-1388,1,236.2,7.016,1619.7,0.98,50.2,264.86,2026-02-20 07:34:45.000,2026-02-20 07:34:49.915,2026-02-20 07:34:45,1.0,1
1416091,0000-FCFB-0ABF-1388,1,236.2,7.016,1619.7,0.98,50.2,264.86,2026-02-20 07:34:46.000,2026-02-20 07:34:49.915,2026-02-20 07:34:46,1.0,1
1416094,0000-FCFB-0ABF-1388,1,236.2,7.012,1619.0,0.98,50.2,264.86,2026-02-20 07:34:47.000,2026-02-20 07:34:49.915,2026-02-20 07:34:47,1.0,1
1416097,0000-FCFB-0ABF-1388,1,236.1,7.025,1620.7,0.98,50.1,264.86,2026-02-20 07:34:48.000,2026-02-20 07:34:49.915,2026-02-20 07:34:48,1.0,1
1416100,0000-FCFB-0ABF-1388,1,236.1,7.022,1620.6,0.98,50.2,264.86,2026-02-20 07:34:49.000,2026-02-20 07:34:49.915,2026-02-20 07:34:49,1.0,1
1416148,0000-FCFB-0ABF-1388,1,236.1,7.022,1620.6,0.98,50.1,264.87,2026-02-20 07:34:50.000,2026-02-20 07:35:04.947,2026-02-20 07:34:50,1.0,1
1416151,0000-FCFB-0ABF-1388,1,236.2,7.025,1621.8,0.98,50.1,264.87,2026-02-20 07:34:51.000,2026-02-20 07:35:04.947,2026-02-20 07:34:51,1.0,1
1416154,0000-FCFB-0ABF-1388,1,236.3,7.022,1622.2,0.98,50.1,264.87,2026-02-20 07:34:52.000,2026-02-20 07:35:04.947,2026-02-20 07:34:52,1.0,1
1416157,0000-FCFB-0ABF-1388,1,236.3,7.025,1622.8,0.98,50.1,264.87,2026-02-20 07:34:53.000,2026-02-20 07:35:04.947,2026-02-20 07:34:53,1.0,1
1416160,0000-FCFB-0ABF-1388,1,236.3,7.025,1623.0,0.98,50.1,264.87,2026-02-20 07:34:54.000,2026-02-20 07:35:04.947,2026-02-20 07:34:54,1.0,1
1416163,0000-FCFB-0ABF-1388,1,236.4,7.035,1625.1,0.98,50.1,264.87,2026-02-20 07:34:55.000,2026-02-20 07:35:04.947,2026-02-20 07:34:55,1.0,1
1416166,0000-FCFB-0ABF-1388,1,236.4,7.035,1625.1,0.98,50.1,264.87,2026-02-20 07:34:56.000,2026-02-20 07:35:04.947,2026-02-20 07:34:56,1.0,1
1416169,0000-FCFB-0ABF-1388,1,236.3,7.048,1628.5,0.98,50.1,264.87,2026-02-20 07:34:57.000,2026-02-20 07:35:04.947,2026-02-20 07:34:57,1.0,1
1416172,0000-FCFB-0ABF-1388,1,236.4,7.077,1634.1,0.98,50.1,264.87,2026-02-20 07:34:58.000,2026-02-20 07:35:04.947,2026-02-20 07:34:58,1.0,1
1416175,0000-FCFB-0ABF-1388,1,236.7,7.06,1632.5,0.98,50.2,264.87,2026-02-20 07:34:59.000,2026-02-20 07:35:04.947,2026-02-20 07:34:59,1.0,1
1416178,0000-FCFB-0ABF-1388,1,236.7,7.06,1632.5,0.98,50.2,264.87,2026-02-20 07:35:00.000,2026-02-20 07:35:04.947,2026-02-20 07:35:00,1.0,1
1416181,0000-FCFB-0ABF-1388,1,236.6,7.064,1633.6,0.98,50.2,264.87,2026-02-20 07:35:01.000,2026-02-20 07:35:04.947,2026-02-20 07:35:01,1.0,1
1416184,0000-FCFB-0ABF-1388,1,236.5,7.061,1632.6,0.98,50.1,264.87,2026-02-20 07:35:02.000,2026-02-20 07:35:04.947,2026-02-20 07:35:02,1.0,1
1416187,0000-FCFB-0ABF-1388,1,236.4,7.046,1628.5,0.98,50.2,264.87,2026-02-20 07:35:03.000,2026-02-20 07:35:04.947,2026-02-20 07:35:03,1.0,1
1416190,0000-FCFB-0ABF-1388,1,236.6,7.047,1630.1,0.98,50.2,264.87,2026-02-20 07:35:04.000,2026-02-20 07:35:04.947,2026-02-20 07:35:04,1.0,1
1416313,0000-FCFB-0ABF-1388,1,237.0,7.004,1621.7,0.98,50.1,264.88,2026-02-20 07:35:15.000,2026-02-20 07:35:34.975,2026-02-20 07:35:15,11.0,1
1416316,0000-FCFB-0ABF-1388,1,236.9,7.059,1633.2,0.98,50.1,264.88,2026-02-20 07:35:16.000,2026-02-20 07:35:34.975,2026-02-20 07:35:16,1.0,1
1416319,0000-FCFB-0ABF-1388,1,236.9,7.034,1628.5,0.98,50.1,264.88,2026-02-20 07:35:17.000,2026-02-20 07:35:34.975,2026-02-20 07:35:17,1.0,1
1416322,0000-FCFB-0ABF-1388,1,236.9,7.034,1628.5,0.98,50.1,264.88,2026-02-20 07:35:18.000,2026-02-20 07:35:34.975,2026-02-20 07:35:18,1.0,1
1416325,0000-FCFB-0ABF-1388,1,237.0,7.028,1625.9,0.98,50.1,264.88,2026-02-20 07:35:19.000,2026-02-20 07:35:34.975,2026-02-20 07:35:19,1.0,1
1416283,0000-FCFB-0ABF-1388,1,237.0,7.086,1640.9,0.98,50.1,264.88,2026-02-20 07:35:24.000,2026-02-20 07:35:34.975,2026-02-20 07:35:24,5.0,1
1416286,0000-FCFB-0ABF-1388,1,237.0,7.086,1640.9,0.98,50.1,264.88,2026-02-20 07:35:25.000,2026-02-20 07:35:34.975,2026-02-20 07:35:25,1.0,1
1416289,0000-FCFB-0ABF-1388,1,236.9,7.095,1641.5,0.98,50.2,264.88,2026-02-20 07:35:26.000,2026-02-20 07:35:34.975,2026-02-20 07:35:26,1.0,1
1416292,0000-FCFB-0ABF-1388,1,236.8,7.094,1641.9,0.98,50.1,264.88,2026-02-20 07:35:27.000,2026-02-20 07:35:34.975,2026-02-20 07:35:27,1.0,1
1416295,0000-FCFB-0ABF-1388,1,236.8,7.103,1643.7,0.98,50.2,264.88,2026-02-20 07:35:28.000,2026-02-20 07:35:34.975,2026-02-20 07:35:28,1.0,1
1416298,0000-FCFB-0ABF-1388,1,236.8,7.103,1643.7,0.98,50.1,264.88,2026-02-20 07:35:29.000,2026-02-20 07:35:34.975,2026-02-20 07:35:29,1.0,1
1416301,0000-FCFB-0ABF-1388,1,236.8,7.117,1646.4,0.98,50.2,264.88,2026-02-20 07:35:30.000,2026-02-20 07:35:34.975,2026-02-20 07:35:30,1.0,1
1416304,0000-FCFB-0ABF-1388,1,236.7,7.117,1646.4,0.98,50.1,264.88,2026-02-20 07:35:31.000,2026-02-20 07:35:34.975,2026-02-20 07:35:31,1.0,1
1416307,0000-FCFB-0ABF-1388,1,236.7,7.127,1648.4,0.98,50.2,264.88,2026-02-20 07:35:32.000,2026-02-20 07:35:34.975,2026-02-20 07:35:32,1.0,1
1416310,0000-FCFB-0ABF-1388,1,236.7,7.124,1648.5,0.98,50.1,264.89,2026-02-20 07:35:33.000,2026-02-20 07:35:34.975,2026-02-20 07:35:33,1.0,1
1416373,0000-FCFB-0ABF-1388,1,236.7,7.132,1649.3,0.98,50.2,264.89,2026-02-20 07:35:35.000,2026-02-20 07:35:50.452,2026-02-20 07:35:35,2.0,1
1416376,0000-FCFB-0ABF-1388,1,236.7,7.136,1651.1,0.98,50.1,264.89,2026-02-20 07:35:36.000,2026-02-20 07:35:50.452,2026-02-20 07:35:36,1.0,1
1416379,0000-FCFB-0ABF-1388,1,236.7,7.136,1651.1,0.98,50.1,264.89,2026-02-20 07:35:37.000,2026-02-20 07:35:50.452,2026-02-20 07:35:37,1.0,1
1416382,0000-FCFB-0ABF-1388,1,236.7,7.147,1652.5,0.98,50.2,264.89,2026-02-20 07:35:38.000,2026-02-20 07:35:50.452,2026-02-20 07:35:38,1.0,1
1416385,0000-FCFB-0ABF-1388,1,236.7,7.155,1654.9,0.98,50.1,264.89,2026-02-20 07:35:39.000,2026-02-20 07:35:50.452,2026-02-20 07:35:39,1.0,1
1416388,0000-FCFB-0ABF-1388,1,236.8,7.163,1657.5,0.98,50.1,264.89,2026-02-20 07:35:40.000,2026-02-20 07:35:50.452,2026-02-20 07:35:40,1.0,1
1416391,0000-FCFB-0ABF-1388,1,236.8,7.163,1657.5,0.98,50.1,264.89,2026-02-20 07:35:41.000,2026-02-20 07:35:50.452,2026-02-20 07:35:41,1.0,1
1416394,0000-FCFB-0ABF-1388,1,236.9,7.167,1659.1,0.98,50.1,264.89,2026-02-20 07:35:42.000,2026-02-20 07:35:50.452,2026-02-20 07:35:42,1.0,1
1416397,0000-FCFB-0ABF-1388,1,236.9,7.168,1660.2,0.98,50.2,264.89,2026-02-20 07:35:43.000,2026-02-20 07:35:50.452,2026-02-20 07:35:43,1.0,1
1416400,0000-FCFB-0ABF-1388,1,236.9,7.18,1661.8,0.98,50.1,264.89,2026-02-20 07:35:44.000,2026-02-20 07:35:50.452,2026-02-20 07:35:44,1.0,1
1416403,0000-FCFB-0ABF-1388,1,237.2,7.186,1665.4,0.98,50.1,264.89,2026-02-20 07:35:45.000,2026-02-20 07:35:50.452,2026-02-20 07:35:45,1.0,1
1416406,0000-FCFB-0ABF-1388,1,237.2,7.186,1665.4,0.98,50.1,264.89,2026-02-20 07:35:46.000,2026-02-20 07:35:50.452,2026-02-20 07:35:46,1.0,1
1416409,0000-FCFB-0ABF-1388,1,237.0,7.2,1666.6,0.98,50.1,264.89,2026-02-20 07:35:47.000,2026-02-20 07:35:50.452,2026-02-20 07:35:47,1.0,1
1416412,0000-FCFB-0ABF-1388,1,236.7,7.208,1667.2,0.98,50.1,264.89,2026-02-20 07:35:48.000,2026-02-20 07:35:50.452,2026-02-20 07:35:48,1.0,1
1416415,0000-FCFB-0ABF-1388,1,236.7,7.215,1669.0,0.98,50.1,264.89,2026-02-20 07:35:49.000,2026-02-20 07:35:50.452,2026-02-20 07:35:49,1.0,1
1416463,0000-FCFB-0ABF-1388,1,236.7,7.231,1671.3,0.98,50.1,264.89,2026-02-20 07:35:50.000,2026-02-20 07:36:05.052,2026-02-20 07:35:50,1.0,1
1416466,0000-FCFB-0ABF-1388,1,236.6,7.241,1673.7,0.98,50.1,264.89,2026-02-20 07:35:51.000,2026-02-20 07:36:05.052,2026-02-20 07:35:51,1.0,1
1416469,0000-FCFB-0ABF-1388,1,236.6,7.241,1673.7,0.98,50.1,264.89,2026-02-20 07:35:52.000,2026-02-20 07:36:05.052,2026-02-20 07:35:52,1.0,1
1416472,0000-FCFB-0ABF-1388,1,236.7,7.248,1676.6,0.98,50.1,264.89,2026-02-20 07:35:53.000,2026-02-20 07:36:05.052,2026-02-20 07:35:53,1.0,1
1416475,0000-FCFB-0ABF-1388,1,236.8,7.257,1679.2,0.98,50.1,264.89,2026-02-20 07:35:54.000,2026-02-20 07:36:05.052,2026-02-20 07:35:54,1.0,1
1416478,0000-FCFB-0ABF-1388,1,236.7,7.265,1681.3,0.98,50.1,264.9,2026-02-20 07:35:55.000,2026-02-20 07:36:05.052,2026-02-20 07:35:55,1.0,1
1416481,0000-FCFB-0ABF-1388,1,236.9,7.279,1684.5,0.98,50.1,264.9,2026-02-20 07:35:56.000,2026-02-20 07:36:05.052,2026-02-20 07:35:56,1.0,1
1416484,0000-FCFB-0ABF-1388,1,236.9,7.279,1684.5,0.98,50.2,264.9,2026-02-20 07:35:57.000,2026-02-20 07:36:05.052,2026-02-20 07:35:57,1.0,1
1416487,0000-FCFB-0ABF-1388,1,237.0,7.289,1687.3,0.98,50.1,264.9,2026-02-20 07:35:58.000,2026-02-20 07:36:05.052,2026-02-20 07:35:58,1.0,1
1416490,0000-FCFB-0ABF-1388,1,237.1,7.293,1689.6,0.98,50.1,264.9,2026-02-20 07:35:59.000,2026-02-20 07:36:05.052,2026-02-20 07:35:59,1.0,1
1416493,0000-FCFB-0ABF-1388,1,237.1,7.304,1691.6,0.98,50.1,264.9,2026-02-20 07:36:00.000,2026-02-20 07:36:05.052,2026-02-20 07:36:00,1.0,1
1416496,0000-FCFB-0ABF-1388,1,237.1,7.304,1691.6,0.98,50.1,264.9,2026-02-20 07:36:01.000,2026-02-20 07:36:05.052,2026-02-20 07:36:01,1.0,1
1416499,0000-FCFB-0ABF-1388,1,237.1,7.313,1693.7,0.98,50.1,264.9,2026-02-20 07:36:02.000,2026-02-20 07:36:05.052,2026-02-20 07:36:02,1.0,1
1416502,0000-FCFB-0ABF-1388,1,237.2,7.311,1694.9,0.98,50.1,264.9,2026-02-20 07:36:03.000,2026-02-20 07:36:05.052,2026-02-20 07:36:03,1.0,1
1416505,0000-FCFB-0ABF-1388,1,237.3,7.316,1696.6,0.98,50.1,264.9,2026-02-20 07:36:05.000,2026-02-20 07:36:20.244,2026-02-20 07:36:05,2.0,1
1416508,0000-FCFB-0ABF-1388,1,237.3,7.326,1697.9,0.98,50.1,264.9,2026-02-20 07:36:06.000,2026-02-20 07:36:20.244,2026-02-20 07:36:06,1.0,1
1416511,0000-FCFB-0ABF-1388,1,237.2,7.335,1699.8,0.98,50.1,264.9,2026-02-20 07:36:07.000,2026-02-20 07:36:20.244,2026-02-20 07:36:07,1.0,1
1416514,0000-FCFB-0ABF-1388,1,237.1,7.34,1700.2,0.98,50.2,264.9,2026-02-20 07:36:08.000,2026-02-20 07:36:20.244,2026-02-20 07:36:08,1.0,1
1416517,0000-FCFB-0ABF-1388,1,237.1,7.34,1700.2,0.98,50.1,264.9,2026-02-20 07:36:09.000,2026-02-20 07:36:20.244,2026-02-20 07:36:09,1.0,1
1416520,0000-FCFB-0ABF-1388,1,237.0,7.347,1700.9,0.98,50.1,264.9,2026-02-20 07:36:10.000,2026-02-20 07:36:20.244,2026-02-20 07:36:10,1.0,1
1416523,0000-FCFB-0ABF-1388,1,237.0,7.351,1702.7,0.98,50.2,264.9,2026-02-20 07:36:11.000,2026-02-20 07:36:20.244,2026-02-20 07:36:11,1.0,1
1416526,0000-FCFB-0ABF-1388,1,237.0,7.347,1702.2,0.98,50.2,264.9,2026-02-20 07:36:12.000,2026-02-20 07:36:20.244,2026-02-20 07:36:12,1.0,1
1416529,0000-FCFB-0ABF-1388,1,237.1,7.332,1698.7,0.98,50.2,264.9,2026-02-20 07:36:13.000,2026-02-20 07:36:20.244,2026-02-20 07:36:13,1.0,1
1416532,0000-FCFB-0ABF-1388,1,237.1,7.332,1698.7,0.98,50.1,264.9,2026-02-20 07:36:14.000,2026-02-20 07:36:20.244,2026-02-20 07:36:14,1.0,1
1416535,0000-FCFB-0ABF-1388,1,237.1,7.321,1696.5,0.98,50.1,264.9,2026-02-20 07:36:15.000,2026-02-20 07:36:20.244,2026-02-20 07:36:15,1.0,1
1416538,0000-FCFB-0ABF-1388,1,237.0,7.328,1696.4,0.98,50.1,264.9,2026-02-20 07:36:16.000,2026-02-20 07:36:20.244,2026-02-20 07:36:16,1.0,1
1416541,0000-FCFB-0ABF-1388,1,236.9,7.347,1700.3,0.98,50.1,264.91,2026-02-20 07:36:17.000,2026-02-20 07:36:20.244,2026-02-20 07:36:17,1.0,1
1416544,0000-FCFB-0ABF-1388,1,236.9,7.347,1700.3,0.98,50.2,264.91,2026-02-20 07:36:18.000,2026-02-20 07:36:20.244,2026-02-20 07:36:18,1.0,1
1416547,0000-FCFB-0ABF-1388,1,237.0,7.353,1703.1,0.98,50.2,264.91,2026-02-20 07:36:19.000,2026-02-20 07:36:20.244,2026-02-20 07:36:19,1.0,1
1416595,0000-FCFB-0ABF-1388,1,237.1,7.37,1707.3,0.98,50.1,264.91,2026-02-20 07:36:20.000,2026-02-20 07:36:35.227,2026-02-20 07:36:20,1.0,1
1416598,0000-FCFB-0ABF-1388,1,237.1,7.38,1709.4,0.98,50.1,264.91,2026-02-20 07:36:21.000,2026-02-20 07:36:35.227,2026-02-20 07:36:21,1.0,1
1416601,0000-FCFB-0ABF-1388,1,237.3,7.396,1714.7,0.98,50.2,264.91,2026-02-20 07:36:22.000,2026-02-20 07:36:35.227,2026-02-20 07:36:22,1.0,1
1416604,0000-FCFB-0ABF-1388,1,237.3,7.396,1714.7,0.98,50.2,264.91,2026-02-20 07:36:23.000,2026-02-20 07:36:35.227,2026-02-20 07:36:23,1.0,1
1416607,0000-FCFB-0ABF-1388,1,237.2,7.362,1706.6,0.98,50.1,264.91,2026-02-20 07:36:24.000,2026-02-20 07:36:35.227,2026-02-20 07:36:24,1.0,1
1416610,0000-FCFB-0ABF-1388,1,237.1,7.398,1713.2,0.98,50.1,264.91,2026-02-20 07:36:25.000,2026-02-20 07:36:35.227,2026-02-20 07:36:25,1.0,1
1416613,0000-FCFB-0ABF-1388,1,237.3,7.39,1713.8,0.98,50.1,264.91,2026-02-20 07:36:26.000,2026-02-20 07:36:35.227,2026-02-20 07:36:26,1.0,1
1416616,0000-FCFB-0ABF-1388,1,237.3,7.391,1714.4,0.98,50.1,264.91,2026-02-20 07:36:27.000,2026-02-20 07:36:35.227,2026-02-20 07:36:27,1.0,1
1416619,0000-FCFB-0ABF-1388,1,237.3,7.391,1714.4,0.98,50.1,264.91,2026-02-20 07:36:28.000,2026-02-20 07:36:35.227,2026-02-20 07:36:28,1.0,1
1416622,0000-FCFB-0ABF-1388,1,237.3,7.401,1716.6,0.98,50.1,264.91,2026-02-20 07:36:29.000,2026-02-20 07:36:35.227,2026-02-20 07:36:29,1.0,1
1416625,0000-FCFB-0ABF-1388,1,237.2,7.406,1716.6,0.98,50.1,264.91,2026-02-20 07:36:30.000,2026-02-20 07:36:35.227,2026-02-20 07:36:30,1.0,1
1416628,0000-FCFB-0ABF-1388,1,237.1,7.4,1715.4,0.98,50.1,264.91,2026-02-20 07:36:31.000,2026-02-20 07:36:35.227,2026-02-20 07:36:31,1.0,1
1416631,0000-FCFB-0ABF-1388,1,236.9,7.409,1716.0,0.98,50.1,264.91,2026-02-20 07:36:32.000,2026-02-20 07:36:35.227,2026-02-20 07:36:32,1.0,1
1416634,0000-FCFB-0ABF-1388,1,236.9,7.409,1716.0,0.98,50.1,264.91,2026-02-20 07:36:33.000,2026-02-20 07:36:35.227,2026-02-20 07:36:33,1.0,1
1416637,0000-FCFB-0ABF-1388,1,236.9,7.415,1717.8,0.98,50.1,264.91,2026-02-20 07:36:34.000,2026-02-20 07:36:35.227,2026-02-20 07:36:34,1.0,1
1416685,0000-FCFB-0ABF-1388,1,236.7,7.422,1717.6,0.98,50.1,264.91,2026-02-20 07:36:35.000,2026-02-20 07:36:50.275,2026-02-20 07:36:35,1.0,1
1416688,0000-FCFB-0ABF-1388,1,236.6,7.426,1718.4,0.98,50.2,264.91,2026-02-20 07:36:36.000,2026-02-20 07:36:50.275,2026-02-20 07:36:36,1.0,1
1416691,0000-FCFB-0ABF-1388,1,236.6,7.426,1718.4,0.98,50.1,264.91,2026-02-20 07:36:37.000,2026-02-20 07:36:50.275,2026-02-20 07:36:37,1.0,1
1416694,0000-FCFB-0ABF-1388,1,236.7,7.435,1721.1,0.98,50.1,264.92,2026-02-20 07:36:38.000,2026-02-20 07:36:50.275,2026-02-20 07:36:38,1.0,1
1416697,0000-FCFB-0ABF-1388,1,236.6,7.438,1721.5,0.98,50.1,264.92,2026-02-20 07:36:39.000,2026-02-20 07:36:50.275,2026-02-20 07:36:39,1.0,1
1416700,0000-FCFB-0ABF-1388,1,236.6,7.44,1722.0,0.98,50.1,264.92,2026-02-20 07:36:40.000,2026-02-20 07:36:50.275,2026-02-20 07:36:40,1.0,1
1416703,0000-FCFB-0ABF-1388,1,237.1,7.43,1721.7,0.98,50.1,264.92,2026-02-20 07:36:41.000,2026-02-20 07:36:50.275,2026-02-20 07:36:41,1.0,1
1416706,0000-FCFB-0ABF-1388,1,237.1,7.43,1721.7,0.98,50.1,264.92,2026-02-20 07:36:42.000,2026-02-20 07:36:50.275,2026-02-20 07:36:42,1.0,1
1416709,0000-FCFB-0ABF-1388,1,237.6,7.424,1723.9,0.98,50.1,264.92,2026-02-20 07:36:43.000,2026-02-20 07:36:50.275,2026-02-20 07:36:43,1.0,1
1416712,0000-FCFB-0ABF-1388,1,237.6,7.433,1726.4,0.98,50.1,264.92,2026-02-20 07:36:44.000,2026-02-20 07:36:50.275,2026-02-20 07:36:44,1.0,1
1416715,0000-FCFB-0ABF-1388,1,237.5,7.44,1726.4,0.98,50.1,264.92,2026-02-20 07:36:45.000,2026-02-20 07:36:50.275,2026-02-20 07:36:45,1.0,1
1416718,0000-FCFB-0ABF-1388,1,237.5,7.44,1726.4,0.98,50.1,264.92,2026-02-20 07:36:46.000,2026-02-20 07:36:50.275,2026-02-20 07:36:46,1.0,1
1416721,0000-FCFB-0ABF-1388,1,237.5,7.45,1728.8,0.98,50.1,264.92,2026-02-20 07:36:47.000,2026-02-20 07:36:50.275,2026-02-20 07:36:47,1.0,1
1416724,0000-FCFB-0ABF-1388,1,237.4,7.442,1727.9,0.98,50.1,264.92,2026-02-20 07:36:48.000,2026-02-20 07:36:50.275,2026-02-20 07:36:48,1.0,1
1416727,0000-FCFB-0ABF-1388,1,237.5,7.446,1729.0,0.98,50.1,264.92,2026-02-20 07:36:49.000,2026-02-20 07:36:50.275,2026-02-20 07:36:49,1.0,1
1416775,0000-FCFB-0ABF-1388,1,237.5,7.458,1731.2,0.98,50.1,264.92,2026-02-20 07:36:50.000,2026-02-20 07:37:05.311,2026-02-20 07:36:50,1.0,1
1416778,0000-FCFB-0ABF-1388,1,237.5,7.458,1731.2,0.98,50.1,264.92,2026-02-20 07:36:51.000,2026-02-20 07:37:05.311,2026-02-20 07:36:51,1.0,1
1416781,0000-FCFB-0ABF-1388,1,237.6,7.457,1731.7,0.98,50.1,264.92,2026-02-20 07:36:52.000,2026-02-20 07:37:05.311,2026-02-20 07:36:52,1.0,1
1416784,0000-FCFB-0ABF-1388,1,237.6,7.456,1732.1,0.98,50.1,264.92,2026-02-20 07:36:53.000,2026-02-20 07:37:05.311,2026-02-20 07:36:53,1.0,1
1416787,0000-FCFB-0ABF-1388,1,237.6,7.469,1734.3,0.98,50.1,264.92,2026-02-20 07:36:54.000,2026-02-20 07:37:05.311,2026-02-20 07:36:54,1.0,1
1416790,0000-FCFB-0ABF-1388,1,237.6,7.476,1735.9,0.98,50.1,264.92,2026-02-20 07:36:55.000,2026-02-20 07:37:05.311,2026-02-20 07:36:55,1.0,1
1416793,0000-FCFB-0ABF-1388,1,237.6,7.476,1735.9,0.98,50.1,264.92,2026-02-20 07:36:56.000,2026-02-20 07:37:05.311,2026-02-20 07:36:56,1.0,1
1416796,0000-FCFB-0ABF-1388,1,237.5,7.472,1735.0,0.98,50.1,264.92,2026-02-20 07:36:57.000,2026-02-20 07:37:05.311,2026-02-20 07:36:57,1.0,1
1416799,0000-FCFB-0ABF-1388,1,237.5,7.475,1735.3,0.98,50.1,264.93,2026-02-20 07:36:58.000,2026-02-20 07:37:05.311,2026-02-20 07:36:58,1.0,1
1416802,0000-FCFB-0ABF-1388,1,237.5,7.477,1736.8,0.98,50.1,264.93,2026-02-20 07:36:59.000,2026-02-20 07:37:05.311,2026-02-20 07:36:59,1.0,1
1416805,0000-FCFB-0ABF-1388,1,237.5,7.477,1736.8,0.98,50.1,264.93,2026-02-20 07:37:00.000,2026-02-20 07:37:05.311,2026-02-20 07:37:00,1.0,1
1416808,0000-FCFB-0ABF-1388,1,237.6,7.486,1739.0,0.98,50.1,264.93,2026-02-20 07:37:01.000,2026-02-20 07:37:05.311,2026-02-20 07:37:01,1.0,1
1416811,0000-FCFB-0ABF-1388,1,237.6,7.494,1740.0,0.98,50.1,264.93,2026-02-20 07:37:02.000,2026-02-20 07:37:05.311,2026-02-20 07:37:02,1.0,1
1416814,0000-FCFB-0ABF-1388,1,237.6,7.495,1740.9,0.98,50.1,264.93,2026-02-20 07:37:03.000,2026-02-20 07:37:05.311,2026-02-20 07:37:03,1.0,1
1416817,0000-FCFB-0ABF-1388,1,237.7,7.493,1741.8,0.98,50.1,264.93,2026-02-20 07:37:04.000,2026-02-20 07:37:05.311,2026-02-20 07:37:04,1.0,1
1416865,0000-FCFB-0ABF-1388,1,237.7,7.493,1741.8,0.98,50.1,264.93,2026-02-20 07:37:05.000,2026-02-20 07:37:20.372,2026-02-20 07:37:05,1.0,1
1416868,0000-FCFB-0ABF-1388,1,237.6,7.51,1744.0,0.98,50.1,264.93,2026-02-20 07:37:06.000,2026-02-20 07:37:20.372,2026-02-20 07:37:06,1.0,1
1416871,0000-FCFB-0ABF-1388,1,237.6,7.513,1745.1,0.98,50.1,264.93,2026-02-20 07:37:07.000,2026-02-20 07:37:20.372,2026-02-20 07:37:07,1.0,1
1416874,0000-FCFB-0ABF-1388,1,237.5,7.52,1745.5,0.98,50.1,264.93,2026-02-20 07:37:08.000,2026-02-20 07:37:20.372,2026-02-20 07:37:08,1.0,1
1416877,0000-FCFB-0ABF-1388,1,237.5,7.52,1745.5,0.98,50.1,264.93,2026-02-20 07:37:09.000,2026-02-20 07:37:20.372,2026-02-20 07:37:09,1.0,1
1416880,0000-FCFB-0ABF-1388,1,237.5,7.524,1746.9,0.98,50.1,264.93,2026-02-20 07:37:10.000,2026-02-20 07:37:20.372,2026-02-20 07:37:10,1.0,1
1416883,0000-FCFB-0ABF-1388,1,237.4,7.533,1748.0,0.98,50.1,264.93,2026-02-20 07:37:11.000,2026-02-20 07:37:20.372,2026-02-20 07:37:11,1.0,1
1416886,0000-FCFB-0ABF-1388,1,237.4,7.54,1750.5,0.98,50.1,264.93,2026-02-20 07:37:12.000,2026-02-20 07:37:20.372,2026-02-20 07:37:12,1.0,1
1416889,0000-FCFB-0ABF-1388,1,237.4,7.55,1752.4,0.98,50.1,264.93,2026-02-20 07:37:13.000,2026-02-20 07:37:20.372,2026-02-20 07:37:13,1.0,1
1416892,0000-FCFB-0ABF-1388,1,237.4,7.55,1752.4,0.98,50.1,264.93,2026-02-20 07:37:14.000,2026-02-20 07:37:20.372,2026-02-20 07:37:14,1.0,1
1416895,0000-FCFB-0ABF-1388,1,237.3,7.556,1753.3,0.98,50.1,264.93,2026-02-20 07:37:15.000,2026-02-20 07:37:20.372,2026-02-20 07:37:15,1.0,1
1416898,0000-FCFB-0ABF-1388,1,237.3,7.558,1753.5,0.98,50.1,264.93,2026-02-20 07:37:16.000,2026-02-20 07:37:20.372,2026-02-20 07:37:16,1.0,1
1416901,0000-FCFB-0ABF-1388,1,237.0,7.566,1753.7,0.98,50.1,264.93,2026-02-20 07:37:17.000,2026-02-20 07:37:20.372,2026-02-20 07:37:17,1.0,1
1416904,0000-FCFB-0ABF-1388,1,237.0,7.566,1753.7,0.98,50.1,264.93,2026-02-20 07:37:18.000,2026-02-20 07:37:20.372,2026-02-20 07:37:18,1.0,1
1416907,0000-FCFB-0ABF-1388,1,237.1,7.555,1753.7,0.98,50.1,264.94,2026-02-20 07:37:19.000,2026-02-20 07:37:20.372,2026-02-20 07:37:19,1.0,1
1416955,0000-FCFB-0ABF-1388,1,237.0,7.557,1753.2,0.98,50.1,264.94,2026-02-20 07:37:20.000,2026-02-20 07:37:35.389,2026-02-20 07:37:20,1.0,1
1416958,0000-FCFB-0ABF-1388,1,237.0,7.562,1754.1,0.98,50.1,264.94,2026-02-20 07:37:21.000,2026-02-20 07:37:35.389,2026-02-20 07:37:21,1.0,1
1416961,0000-FCFB-0ABF-1388,1,236.8,7.566,1754.1,0.98,50.1,264.94,2026-02-20 07:37:22.000,2026-02-20 07:37:35.389,2026-02-20 07:37:22,1.0,1
1416964,0000-FCFB-0ABF-1388,1,236.8,7.566,1754.1,0.98,50.1,264.94,2026-02-20 07:37:23.000,2026-02-20 07:37:35.389,2026-02-20 07:37:23,1.0,1
1416967,0000-FCFB-0ABF-1388,1,236.8,7.577,1755.6,0.98,50.1,264.94,2026-02-20 07:37:24.000,2026-02-20 07:37:35.389,2026-02-20 07:37:24,1.0,1
1416970,0000-FCFB-0ABF-1388,1,236.8,7.578,1756.1,0.98,50.1,264.94,2026-02-20 07:37:25.000,2026-02-20 07:37:35.389,2026-02-20 07:37:25,1.0,1
1416973,0000-FCFB-0ABF-1388,1,237.5,7.572,1758.5,0.98,50.1,264.94,2026-02-20 07:37:26.000,2026-02-20 07:37:35.389,2026-02-20 07:37:26,1.0,1
1416976,0000-FCFB-0ABF-1388,1,237.4,7.574,1759.3,0.98,50.1,264.94,2026-02-20 07:37:27.000,2026-02-20 07:37:35.389,2026-02-20 07:37:27,1.0,1
1416979,0000-FCFB-0ABF-1388,1,237.4,7.574,1759.3,0.98,50.1,264.94,2026-02-20 07:37:28.000,2026-02-20 07:37:35.389,2026-02-20 07:37:28,1.0,1
1416982,0000-FCFB-0ABF-1388,1,236.7,7.582,1756.8,0.98,50.1,264.94,2026-02-20 07:37:29.000,2026-02-20 07:37:35.389,2026-02-20 07:37:29,1.0,1
1416985,0000-FCFB-0ABF-1388,1,236.7,7.587,1758.0,0.98,50.1,264.94,2026-02-20 07:37:30.000,2026-02-20 07:37:35.389,2026-02-20 07:37:30,1.0,1
1416988,0000-FCFB-0ABF-1388,1,236.6,7.583,1756.9,0.98,50.1,264.94,2026-02-20 07:37:31.000,2026-02-20 07:37:35.389,2026-02-20 07:37:31,1.0,1
1416991,0000-FCFB-0ABF-1388,1,236.8,7.582,1757.1,0.98,50.1,264.94,2026-02-20 07:37:32.000,2026-02-20 07:37:35.389,2026-02-20 07:37:32,1.0,1
1416994,0000-FCFB-0ABF-1388,1,236.8,7.582,1757.1,0.98,50.1,264.94,2026-02-20 07:37:33.000,2026-02-20 07:37:35.389,2026-02-20 07:37:33,1.0,1
1416997,0000-FCFB-0ABF-1388,1,236.9,7.59,1759.3,0.98,50.1,264.94,2026-02-20 07:37:34.000,2026-02-20 07:37:35.389,2026-02-20 07:37:34,1.0,1
1417045,0000-FCFB-0ABF-1388,1,236.9,7.588,1759.7,0.98,50.1,264.94,2026-02-20 07:37:35.000,2026-02-20 07:37:50.396,2026-02-20 07:37:35,1.0,1
1417048,0000-FCFB-0ABF-1388,1,237.0,7.59,1760.8,0.98,50.1,264.94,2026-02-20 07:37:36.000,2026-02-20 07:37:50.396,2026-02-20 07:37:36,1.0,1
1417051,0000-FCFB-0ABF-1388,1,237.0,7.59,1760.8,0.98,50.1,264.94,2026-02-20 07:37:37.000,2026-02-20 07:37:50.396,2026-02-20 07:37:37,1.0,1
1417054,0000-FCFB-0ABF-1388,1,237.2,7.59,1761.2,0.98,50.1,264.94,2026-02-20 07:37:38.000,2026-02-20 07:37:50.396,2026-02-20 07:37:38,1.0,1
1417057,0000-FCFB-0ABF-1388,1,237.1,7.586,1760.7,0.98,50.1,264.95,2026-02-20 07:37:39.000,2026-02-20 07:37:50.396,2026-02-20 07:37:39,1.0,1
1417060,0000-FCFB-0ABF-1388,1,237.1,7.588,1761.3,0.98,50.1,264.95,2026-02-20 07:37:40.000,2026-02-20 07:37:50.396,2026-02-20 07:37:40,1.0,1
1417063,0000-FCFB-0ABF-1388,1,237.1,7.588,1761.3,0.98,50.1,264.95,2026-02-20 07:37:41.000,2026-02-20 07:37:50.396,2026-02-20 07:37:41,1.0,1
1417066,0000-FCFB-0ABF-1388,1,237.1,7.592,1762.0,0.98,50.1,264.95,2026-02-20 07:37:42.000,2026-02-20 07:37:50.396,2026-02-20 07:37:42,1.0,1
1417069,0000-FCFB-0ABF-1388,1,237.1,7.59,1761.1,0.98,50.1,264.95,2026-02-20 07:37:43.000,2026-02-20 07:37:50.396,2026-02-20 07:37:43,1.0,1
1417072,0000-FCFB-0ABF-1388,1,237.1,7.597,1762.5,0.98,50.1,264.95,2026-02-20 07:37:44.000,2026-02-20 07:37:50.396,2026-02-20 07:37:44,1.0,1
1417075,0000-FCFB-0ABF-1388,1,237.1,7.594,1762.7,0.98,50.1,264.95,2026-02-20 07:37:45.000,2026-02-20 07:37:50.396,2026-02-20 07:37:45,1.0,1
1417078,0000-FCFB-0ABF-1388,1,237.1,7.594,1762.7,0.98,50.1,264.95,2026-02-20 07:37:46.000,2026-02-20 07:37:50.396,2026-02-20 07:37:46,1.0,1
1417081,0000-FCFB-0ABF-1388,1,237.2,7.598,1763.5,0.98,50.1,264.95,2026-02-20 07:37:47.000,2026-02-20 07:37:50.396,2026-02-20 07:37:47,1.0,1
1417084,0000-FCFB-0ABF-1388,1,237.2,7.596,1763.2,0.98,50.1,264.95,2026-02-20 07:37:48.000,2026-02-20 07:37:50.396,2026-02-20 07:37:48,1.0,1
1417087,0000-FCFB-0ABF-1388,1,237.3,7.597,1763.8,0.98,50.1,264.95,2026-02-20 07:37:49.000,2026-02-20 07:37:50.396,2026-02-20 07:37:49,1.0,1
1417180,0000-FCFB-0ABF-1388,1,237.3,7.597,1764.1,0.98,50.1,264.95,2026-02-20 07:37:50.000,2026-02-20 07:38:14.548,2026-02-20 07:37:50,1.0,1
1417183,0000-FCFB-0ABF-1388,1,237.3,7.597,1764.1,0.98,50.1,264.95,2026-02-20 07:37:51.000,2026-02-20 07:38:14.548,2026-02-20 07:37:51,1.0,1
1417186,0000-FCFB-0ABF-1388,1,237.2,7.601,1764.4,0.98,50.1,264.95,2026-02-20 07:37:52.000,2026-02-20 07:38:14.548,2026-02-20 07:37:52,1.0,1
1417189,0000-FCFB-0ABF-1388,1,237.3,7.605,1765.4,0.98,50.1,264.95,2026-02-20 07:37:53.000,2026-02-20 07:38:14.548,2026-02-20 07:37:53,1.0,1
1417192,0000-FCFB-0ABF-1388,1,237.4,7.605,1766.7,0.98,50.1,264.95,2026-02-20 07:37:54.000,2026-02-20 07:38:14.548,2026-02-20 07:37:54,1.0,1
1417195,0000-FCFB-0ABF-1388,1,237.4,7.606,1766.8,0.98,50.1,264.95,2026-02-20 07:37:55.000,2026-02-20 07:38:14.548,2026-02-20 07:37:55,1.0,1
1417198,0000-FCFB-0ABF-1388,1,237.4,7.606,1766.8,0.98,50.1,264.95,2026-02-20 07:37:56.000,2026-02-20 07:38:14.548,2026-02-20 07:37:56,1.0,1
1417201,0000-FCFB-0ABF-1388,1,237.4,7.605,1767.2,0.98,50.1,264.95,2026-02-20 07:37:57.000,2026-02-20 07:38:14.548,2026-02-20 07:37:57,1.0,1
1417204,0000-FCFB-0ABF-1388,1,237.3,7.606,1766.6,0.98,50.1,264.95,2026-02-20 07:37:58.000,2026-02-20 07:38:14.548,2026-02-20 07:37:58,1.0,1
1417207,0000-FCFB-0ABF-1388,1,237.3,7.613,1767.6,0.98,50.1,264.95,2026-02-20 07:37:59.000,2026-02-20 07:38:14.548,2026-02-20 07:37:59,1.0,1
1417210,0000-FCFB-0ABF-1388,1,237.3,7.613,1767.6,0.98,50.1,264.96,2026-02-20 07:38:00.000,2026-02-20 07:38:14.548,2026-02-20 07:38:00,1.0,1
1417213,0000-FCFB-0ABF-1388,1,237.2,7.613,1767.8,0.98,50.1,264.96,2026-02-20 07:38:01.000,2026-02-20 07:38:14.548,2026-02-20 07:38:01,1.0,1
1417216,0000-FCFB-0ABF-1388,1,237.2,7.623,1769.0,0.98,50.1,264.96,2026-02-20 07:38:02.000,2026-02-20 07:38:14.548,2026-02-20 07:38:02,1.0,1
1417219,0000-FCFB-0ABF-1388,1,237.2,7.623,1769.4,0.98,50.1,264.96,2026-02-20 07:38:03.000,2026-02-20 07:38:14.548,2026-02-20 07:38:03,1.0,1
1417222,0000-FCFB-0ABF-1388,1,237.3,7.625,1770.8,0.98,50.1,264.96,2026-02-20 07:38:04.000,2026-02-20 07:38:14.548,2026-02-20 07:38:04,1.0,1
1417225,0000-FCFB-0ABF-1388,1,237.5,6.751,1597.9,1.0,50.1,264.96,2026-02-20 07:38:14.000,2026-02-20 07:38:20.471,2026-02-20 07:38:14,10.0,1
1417228,0000-FCFB-0ABF-1388,1,238.7,1.316,235.0,0.75,50.1,264.96,2026-02-20 07:38:15.000,2026-02-20 07:38:20.471,2026-02-20 07:38:15,1.0,0
1417231,0000-FCFB-0ABF-1388,1,238.8,1.317,235.2,0.75,50.1,264.96,2026-02-20 07:38:16.000,2026-02-20 07:38:20.471,2026-02-20 07:38:16,1.0,0
1417234,0000-FCFB-0ABF-1388,1,238.8,1.319,235.1,0.75,50.1,264.96,2026-02-20 07:38:17.000,2026-02-20 07:38:20.471,2026-02-20 07:38:17,1.0,0
1417237,0000-FCFB-0ABF-1388,1,238.8,1.319,235.1,0.75,50.1,264.96,2026-02-20 07:38:18.000,2026-02-20 07:38:20.471,2026-02-20 07:38:18,1.0,0
1417240,0000-FCFB-0ABF-1388,1,238.9,1.321,235.3,0.75,50.1,264.96,2026-02-20 07:38:19.000,2026-02-20 07:38:20.471,2026-02-20 07:38:19,1.0,0
1417243,0000-FCFB-0ABF-1388,1,238.9,1.319,235.3,0.75,50.1,264.96,2026-02-20 07:38:20.000,2026-02-20 07:38:35.510,2026-02-20 07:38:20,1.0,0
1417246,0000-FCFB-0ABF-1388,1,238.8,1.322,235.2,0.75,50.1,264.96,2026-02-20 07:38:21.000,2026-02-20 07:38:35.510,2026-02-20 07:38:21,1.0,0
1417249,0000-FCFB-0ABF-1388,1,238.9,1.323,235.3,0.74,50.1,264.96,2026-02-20 07:38:22.000,2026-02-20 07:38:35.510,2026-02-20 07:38:22,1.0,0
1417252,0000-FCFB-0ABF-1388,1,238.9,1.323,235.3,0.74,50.1,264.96,2026-02-20 07:38:23.000,2026-02-20 07:38:35.510,2026-02-20 07:38:23,1.0,0
1417255,0000-FCFB-0ABF-1388,1,239.2,1.318,235.4,0.75,50.1,264.96,2026-02-20 07:38:24.000,2026-02-20 07:38:35.510,2026-02-20 07:38:24,1.0,0
1417258,0000-FCFB-0ABF-1388,1,239.1,1.319,235.4,0.75,50.1,264.96,2026-02-20 07:38:25.000,2026-02-20 07:38:35.510,2026-02-20 07:38:25,1.0,0
1417261,0000-FCFB-0ABF-1388,1,238.8,1.323,235.2,0.74,50.1,264.96,2026-02-20 07:38:26.000,2026-02-20 07:38:35.510,2026-02-20 07:38:26,1.0,0
1417264,0000-FCFB-0ABF-1388,1,239.0,1.316,233.0,0.74,50.1,264.96,2026-02-20 07:38:27.000,2026-02-20 07:38:35.510,2026-02-20 07:38:27,1.0,0
1417267,0000-FCFB-0ABF-1388,1,239.0,1.316,233.0,0.74,50.1,264.96,2026-02-20 07:38:28.000,2026-02-20 07:38:35.510,2026-02-20 07:38:28,1.0,0
1417270,0000-FCFB-0ABF-1388,1,239.0,1.314,232.3,0.74,50.1,264.96,2026-02-20 07:38:29.000,2026-02-20 07:38:35.510,2026-02-20 07:38:29,1.0,0
1417273,0000-FCFB-0ABF-1388,1,239.0,1.315,232.3,0.74,50.1,264.96,2026-02-20 07:38:30.000,2026-02-20 07:38:35.510,2026-02-20 07:38:30,1.0,0
1417276,0000-FCFB-0ABF-1388,1,239.0,1.314,232.3,0.74,50.1,264.96,2026-02-20 07:38:31.000,2026-02-20 07:38:35.510,2026-02-20 07:38:31,1.0,0
1417279,0000-FCFB-0ABF-1388,1,239.0,1.314,232.3,0.74,50.1,264.96,2026-02-20 07:38:32.000,2026-02-20 07:38:35.510,2026-02-20 07:38:32,1.0,0
1417282,0000-FCFB-0ABF-1388,1,238.9,1.314,232.3,0.74,50.1,264.96,2026-02-20 07:38:33.000,2026-02-20 07:38:35.510,2026-02-20 07:38:33,1.0,0
1417285,0000-FCFB-0ABF-1388,1,238.9,1.318,232.3,0.74,50.1,264.96,2026-02-20 07:38:34.000,2026-02-20 07:38:35.510,2026-02-20 07:38:34,1.0,0
1417333,0000-FCFB-0ABF-1388,1,238.9,1.316,232.3,0.74,50.1,264.96,2026-02-20 07:38:35.000,2026-02-20 07:38:50.559,2026-02-20 07:38:35,1.0,0
1417336,0000-FCFB-0ABF-1388,1,239.0,1.315,232.3,0.74,50.1,264.96,2026-02-20 07:38:36.000,2026-02-20 07:38:50.559,2026-02-20 07:38:36,1.0,0
1417339,0000-FCFB-0ABF-1388,1,239.0,1.315,232.3,0.74,50.1,264.96,2026-02-20 07:38:37.000,2026-02-20 07:38:50.559,2026-02-20 07:38:37,1.0,0
1417342,0000-FCFB-0ABF-1388,1,239.0,1.314,232.2,0.74,50.1,264.96,2026-02-20 07:38:38.000,2026-02-20 07:38:50.559,2026-02-20 07:38:38,1.0,0
1417345,0000-FCFB-0ABF-1388,1,239.0,1.314,232.3,0.74,50.1,264.96,2026-02-20 07:38:39.000,2026-02-20 07:38:50.559,2026-02-20 07:38:39,1.0,0
1417348,0000-FCFB-0ABF-1388,1,239.0,1.314,232.2,0.74,50.1,264.96,2026-02-20 07:38:40.000,2026-02-20 07:38:50.559,2026-02-20 07:38:40,1.0,0
1417351,0000-FCFB-0ABF-1388,1,239.0,1.314,232.2,0.74,50.1,264.96,2026-02-20 07:38:41.000,2026-02-20 07:38:50.559,2026-02-20 07:38:41,1.0,0
1417354,0000-FCFB-0ABF-1388,1,238.9,1.314,232.1,0.74,50.1,264.96,2026-02-20 07:38:42.000,2026-02-20 07:38:50.559,2026-02-20 07:38:42,1.0,0
1417357,0000-FCFB-0ABF-1388,1,238.8,1.315,232.2,0.74,50.1,264.96,2026-02-20 07:38:43.000,2026-02-20 07:38:50.559,2026-02-20 07:38:43,1.0,0
1417360,0000-FCFB-0ABF-1388,1,238.7,1.314,232.1,0.74,50.1,264.96,2026-02-20 07:38:44.000,2026-02-20 07:38:50.559,2026-02-20 07:38:44,1.0,0
1417363,0000-FCFB-0ABF-1388,1,238.7,1.313,232.1,0.74,50.1,264.96,2026-02-20 07:38:45.000,2026-02-20 07:38:50.559,2026-02-20 07:38:45,1.0,0
1417366,0000-FCFB-0ABF-1388,1,238.7,1.313,232.1,0.74,50.1,264.96,2026-02-20 07:38:46.000,2026-02-20 07:38:50.559,2026-02-20 07:38:46,1.0,0
1417369,0000-FCFB-0ABF-1388,1,238.7,1.316,232.1,0.74,50.1,264.96,2026-02-20 07:38:47.000,2026-02-20 07:38:50.559,2026-02-20 07:38:47,1.0,0
1417372,0000-FCFB-0ABF-1388,1,238.6,1.318,232.0,0.74,50.1,264.96,2026-02-20 07:38:48.000,2026-02-20 07:38:50.559,2026-02-20 07:38:48,1.0,0
1417375,0000-FCFB-0ABF-1388,1,238.6,1.318,232.0,0.74,50.1,264.96,2026-02-20 07:38:49.000,2026-02-20 07:38:50.559,2026-02-20 07:38:49,1.0,0
1417423,0000-FCFB-0ABF-1388,1,238.8,1.318,232.2,0.74,50.1,264.96,2026-02-20 07:38:50.000,2026-02-20 07:39:05.566,2026-02-20 07:38:50,1.0,0
1417426,0000-FCFB-0ABF-1388,1,238.8,1.318,232.2,0.74,50.1,264.96,2026-02-20 07:38:51.000,2026-02-20 07:39:05.566,2026-02-20 07:38:51,1.0,0
1417429,0000-FCFB-0ABF-1388,1,238.8,1.318,232.0,0.74,50.1,264.96,2026-02-20 07:38:52.000,2026-02-20 07:39:05.566,2026-02-20 07:38:52,1.0,0
1417432,0000-FCFB-0ABF-1388,1,240.1,1.315,232.9,0.74,50.1,264.96,2026-02-20 07:38:53.000,2026-02-20 07:39:05.566,2026-02-20 07:38:53,1.0,0
1417435,0000-FCFB-0ABF-1388,1,240.0,1.313,232.8,0.74,50.1,264.96,2026-02-20 07:38:54.000,2026-02-20 07:39:05.566,2026-02-20 07:38:54,1.0,0
1417438,0000-FCFB-0ABF-1388,1,239.3,1.316,232.4,0.74,50.1,264.96,2026-02-20 07:38:55.000,2026-02-20 07:39:05.566,2026-02-20 07:38:55,1.0,0
1417441,0000-FCFB-0ABF-1388,1,239.3,1.316,232.4,0.74,50.1,264.96,2026-02-20 07:38:56.000,2026-02-20 07:39:05.566,2026-02-20 07:38:56,1.0,0
1417444,0000-FCFB-0ABF-1388,1,239.2,1.317,232.5,0.74,50.1,264.96,2026-02-20 07:38:57.000,2026-02-20 07:39:05.566,2026-02-20 07:38:57,1.0,0
1417447,0000-FCFB-0ABF-1388,1,239.2,1.318,232.3,0.74,50.1,264.96,2026-02-20 07:38:58.000,2026-02-20 07:39:05.566,2026-02-20 07:38:58,1.0,0
1417450,0000-FCFB-0ABF-1388,1,239.2,1.318,232.3,0.74,50.1,264.96,2026-02-20 07:38:59.000,2026-02-20 07:39:05.566,2026-02-20 07:38:59,1.0,0
1417453,0000-FCFB-0ABF-1388,1,239.2,1.318,232.3,0.74,50.1,264.96,2026-02-20 07:39:00.000,2026-02-20 07:39:05.566,2026-02-20 07:39:00,1.0,0
1417456,0000-FCFB-0ABF-1388,1,239.2,1.313,232.2,0.74,50.1,264.96,2026-02-20 07:39:01.000,2026-02-20 07:39:05.566,2026-02-20 07:39:01,1.0,0
1417459,0000-FCFB-0ABF-1388,1,239.1,1.315,232.1,0.74,50.1,264.97,2026-02-20 07:39:02.000,2026-02-20 07:39:05.566,2026-02-20 07:39:02,1.0,0
1417462,0000-FCFB-0ABF-1388,1,237.7,6.795,1562.6,0.97,50.1,264.97,2026-02-20 07:39:03.000,2026-02-20 07:39:05.566,2026-02-20 07:39:03,1.0,0
1417465,0000-FCFB-0ABF-1388,1,237.7,6.795,1562.6,0.97,50.1,264.97,2026-02-20 07:39:04.000,2026-02-20 07:39:05.566,2026-02-20 07:39:04,1.0,0
1417513,0000-FCFB-0ABF-1388,1,237.9,6.786,1600.5,0.99,50.1,264.97,2026-02-20 07:39:06.000,2026-02-20 07:39:20.571,2026-02-20 07:39:06,2.0,0
1417516,0000-FCFB-0ABF-1388,1,237.9,6.786,1600.5,0.99,50.1,264.97,2026-02-20 07:39:07.000,2026-02-20 07:39:20.571,2026-02-20 07:39:07,1.0,0
1417519,0000-FCFB-0ABF-1388,1,238.0,6.769,1597.3,0.99,50.1,264.97,2026-02-20 07:39:08.000,2026-02-20 07:39:20.571,2026-02-20 07:39:08,1.0,0
1417522,0000-FCFB-0ABF-1388,1,237.9,6.752,1592.6,0.99,50.1,264.97,2026-02-20 07:39:09.000,2026-02-20 07:39:20.571,2026-02-20 07:39:09,1.0,0
1417525,0000-FCFB-0ABF-1388,1,237.9,6.74,1589.9,0.99,50.1,264.97,2026-02-20 07:39:10.000,2026-02-20 07:39:20.571,2026-02-20 07:39:10,1.0,0
1417528,0000-FCFB-0ABF-1388,1,238.1,6.737,1590.2,0.99,50.1,264.97,2026-02-20 07:39:11.000,2026-02-20 07:39:20.571,2026-02-20 07:39:11,1.0,0
1417531,0000-FCFB-0ABF-1388,1,238.1,6.737,1590.2,0.99,50.1,264.97,2026-02-20 07:39:12.000,2026-02-20 07:39:20.571,2026-02-20 07:39:12,1.0,0
1417534,0000-FCFB-0ABF-1388,1,238.1,6.731,1588.8,0.99,50.1,264.97,2026-02-20 07:39:13.000,2026-02-20 07:39:20.571,2026-02-20 07:39:13,1.0,0
1417537,0000-FCFB-0ABF-1388,1,238.1,6.725,1587.4,0.99,50.1,264.97,2026-02-20 07:39:14.000,2026-02-20 07:39:20.571,2026-02-20 07:39:14,1.0,0
1417540,0000-FCFB-0ABF-1388,1,238.2,6.721,1587.0,0.99,50.1,264.97,2026-02-20 07:39:15.000,2026-02-20 07:39:20.571,2026-02-20 07:39:15,1.0,0
1417543,0000-FCFB-0ABF-1388,1,238.2,6.721,1587.0,0.99,50.1,264.97,2026-02-20 07:39:16.000,2026-02-20 07:39:20.571,2026-02-20 07:39:16,1.0,0
1417546,0000-FCFB-0ABF-1388,1,238.2,6.718,1586.0,0.99,50.1,264.97,2026-02-20 07:39:17.000,2026-02-20 07:39:20.571,2026-02-20 07:39:17,1.0,0
1417549,0000-FCFB-0ABF-1388,1,238.2,6.717,1586.2,0.99,50.1,264.97,2026-02-20 07:39:18.000,2026-02-20 07:39:20.571,2026-02-20 07:39:18,1.0,0
1417552,0000-FCFB-0ABF-1388,1,238.2,6.716,1585.9,0.99,50.1,264.97,2026-02-20 07:39:19.000,2026-02-20 07:39:20.571,2026-02-20 07:39:19,1.0,0
1417675,0000-FCFB-0ABF-1388,1,237.8,6.7,1579.2,0.99,50.1,264.98,2026-02-20 07:39:31.000,2026-02-20 07:39:50.625,2026-02-20 07:39:31,12.0,0
1417678,0000-FCFB-0ABF-1388,1,238.6,3.466,805.1,0.97,50.1,264.98,2026-02-20 07:39:32.000,2026-02-20 07:39:50.625,2026-02-20 07:39:32,1.0,0
1417681,0000-FCFB-0ABF-1388,1,238.6,3.466,805.1,0.97,50.1,264.98,2026-02-20 07:39:33.000,2026-02-20 07:39:50.625,2026-02-20 07:39:33,1.0,0
1417684,0000-FCFB-0ABF-1388,1,239.2,1.309,232.1,0.74,50.1,264.98,2026-02-20 07:39:34.000,2026-02-20 07:39:50.625,2026-02-20 07:39:34,1.0,0
1417687,0000-FCFB-0ABF-1388,1,239.3,1.31,232.3,0.74,50.1,264.98,2026-02-20 07:39:35.000,2026-02-20 07:39:50.625,2026-02-20 07:39:35,1.0,0
1417645,0000-FCFB-0ABF-1388,1,239.3,1.31,232.3,0.74,50.1,264.98,2026-02-20 07:39:40.000,2026-02-20 07:39:50.625,2026-02-20 07:39:40,5.0,0
1417648,0000-FCFB-0ABF-1388,1,239.3,1.312,232.3,0.74,50.1,264.98,2026-02-20 07:39:41.000,2026-02-20 07:39:50.625,2026-02-20 07:39:41,1.0,0
1417651,0000-FCFB-0ABF-1388,1,239.3,1.312,232.2,0.74,50.1,264.98,2026-02-20 07:39:42.000,2026-02-20 07:39:50.625,2026-02-20 07:39:42,1.0,0
1417654,0000-FCFB-0ABF-1388,1,239.4,1.315,232.3,0.74,50.1,264.98,2026-02-20 07:39:43.000,2026-02-20 07:39:50.625,2026-02-20 07:39:43,1.0,0
1417657,0000-FCFB-0ABF-1388,1,239.4,1.315,232.3,0.74,50.1,264.98,2026-02-20 07:39:44.000,2026-02-20 07:39:50.625,2026-02-20 07:39:44,1.0,0
1417660,0000-FCFB-0ABF-1388,1,239.3,1.316,232.2,0.74,50.1,264.98,2026-02-20 07:39:45.000,2026-02-20 07:39:50.625,2026-02-20 07:39:45,1.0,0
1417663,0000-FCFB-0ABF-1388,1,239.4,1.314,232.3,0.74,50.1,264.98,2026-02-20 07:39:46.000,2026-02-20 07:39:50.625,2026-02-20 07:39:46,1.0,0
1417666,0000-FCFB-0ABF-1388,1,239.4,1.316,232.2,0.74,50.1,264.98,2026-02-20 07:39:47.000,2026-02-20 07:39:50.625,2026-02-20 07:39:47,1.0,0
1417669,0000-FCFB-0ABF-1388,1,239.4,1.318,232.3,0.74,50.1,264.98,2026-02-20 07:39:48.000,2026-02-20 07:39:50.625,2026-02-20 07:39:48,1.0,0
1417672,0000-FCFB-0ABF-1388,1,239.4,1.318,232.3,0.74,50.1,264.98,2026-02-20 07:39:49.000,2026-02-20 07:39:50.625,2026-02-20 07:39:49,1.0,0
1417735,0000-FCFB-0ABF-1388,1,239.5,1.316,232.3,0.74,50.1,264.98,2026-02-20 07:39:51.000,2026-02-20 07:40:05.726,2026-02-20 07:39:51,2.0,0
1417738,0000-FCFB-0ABF-1388,1,239.5,1.316,232.3,0.74,50.1,264.98,2026-02-20 07:39:52.000,2026-02-20 07:40:05.726,2026-02-20 07:39:52,1.0,0
1417741,0000-FCFB-0ABF-1388,1,239.4,1.317,232.2,0.74,50.1,264.98,2026-02-20 07:39:53.000,2026-02-20 07:40:05.726,2026-02-20 07:39:53,1.0,0
1417744,0000-FCFB-0ABF-1388,1,239.3,1.317,232.1,0.74,50.1,264.98,2026-02-20 07:39:54.000,2026-02-20 07:40:05.726,2026-02-20 07:39:54,1.0,0
1417747,0000-FCFB-0ABF-1388,1,239.2,1.321,232.2,0.73,50.1,264.98,2026-02-20 07:39:55.000,2026-02-20 07:40:05.726,2026-02-20 07:39:55,1.0,0
1417750,0000-FCFB-0ABF-1388,1,239.3,1.321,232.3,0.73,50.1,264.98,2026-02-20 07:39:56.000,2026-02-20 07:40:05.726,2026-02-20 07:39:56,1.0,0
1417753,0000-FCFB-0ABF-1388,1,239.3,1.321,232.3,0.73,50.1,264.98,2026-02-20 07:39:57.000,2026-02-20 07:40:05.726,2026-02-20 07:39:57,1.0,0
1417756,0000-FCFB-0ABF-1388,1,239.3,1.321,232.1,0.73,50.1,264.98,2026-02-20 07:39:58.000,2026-02-20 07:40:05.726,2026-02-20 07:39:58,1.0,0
1417759,0000-FCFB-0ABF-1388,1,239.3,1.318,232.2,0.74,50.1,264.98,2026-02-20 07:39:59.000,2026-02-20 07:40:05.726,2026-02-20 07:39:59,1.0,0
1417762,0000-FCFB-0ABF-1388,1,240.3,1.318,232.8,0.74,50.1,264.98,2026-02-20 07:40:00.000,2026-02-20 07:40:05.726,2026-02-20 07:40:00,1.0,0
1417765,0000-FCFB-0ABF-1388,1,240.3,1.318,232.8,0.74,50.1,264.98,2026-02-20 07:40:01.000,2026-02-20 07:40:05.726,2026-02-20 07:40:01,1.0,0
1417768,0000-FCFB-0ABF-1388,1,240.3,1.316,232.7,0.74,50.1,264.98,2026-02-20 07:40:02.000,2026-02-20 07:40:05.726,2026-02-20 07:40:02,1.0,0
1417771,0000-FCFB-0ABF-1388,1,239.6,1.316,232.3,0.74,50.1,264.98,2026-02-20 07:40:03.000,2026-02-20 07:40:05.726,2026-02-20 07:40:03,1.0,0
1417774,0000-FCFB-0ABF-1388,1,240.1,1.321,232.6,0.73,50.1,264.98,2026-02-20 07:40:04.000,2026-02-20 07:40:05.726,2026-02-20 07:40:04,1.0,0
1417777,0000-FCFB-0ABF-1388,1,239.6,1.322,232.1,0.73,50.1,264.98,2026-02-20 07:40:05.000,2026-02-20 07:40:05.726,2026-02-20 07:40:05,1.0,0
1417852,0000-FCFB-0ABF-1388,1,239.6,1.322,232.1,0.73,50.1,264.98,2026-02-20 07:40:06.000,2026-02-20 07:40:24.481,2026-02-20 07:40:06,1.0,0
1417855,0000-FCFB-0ABF-1388,1,239.4,1.322,232.3,0.73,50.1,264.98,2026-02-20 07:40:07.000,2026-02-20 07:40:24.481,2026-02-20 07:40:07,1.0,0
1417858,0000-FCFB-0ABF-1388,1,239.4,1.323,232.1,0.73,50.1,264.98,2026-02-20 07:40:08.000,2026-02-20 07:40:24.481,2026-02-20 07:40:08,1.0,0
1417861,0000-FCFB-0ABF-1388,1,239.4,1.323,232.1,0.73,50.1,264.98,2026-02-20 07:40:09.000,2026-02-20 07:40:24.481,2026-02-20 07:40:09,1.0,0
1417864,0000-FCFB-0ABF-1388,1,239.4,1.323,232.1,0.73,50.1,264.98,2026-02-20 07:40:10.000,2026-02-20 07:40:24.481,2026-02-20 07:40:10,1.0,0
1417867,0000-FCFB-0ABF-1388,1,239.3,1.322,232.1,0.73,50.1,264.98,2026-02-20 07:40:11.000,2026-02-20 07:40:24.481,2026-02-20 07:40:11,1.0,0
1417870,0000-FCFB-0ABF-1388,1,239.1,1.322,232.0,0.73,50.1,264.98,2026-02-20 07:40:12.000,2026-02-20 07:40:24.481,2026-02-20 07:40:12,1.0,0
1417873,0000-FCFB-0ABF-1388,1,239.1,1.326,232.0,0.73,50.1,264.98,2026-02-20 07:40:13.000,2026-02-20 07:40:24.481,2026-02-20 07:40:13,1.0,0
1417876,0000-FCFB-0ABF-1388,1,239.1,1.326,232.0,0.73,50.1,264.98,2026-02-20 07:40:14.000,2026-02-20 07:40:24.481,2026-02-20 07:40:14,1.0,0
1417879,0000-FCFB-0ABF-1388,1,239.0,1.323,231.9,0.73,50.1,264.98,2026-02-20 07:40:15.000,2026-02-20 07:40:24.481,2026-02-20 07:40:15,1.0,0
1417882,0000-FCFB-0ABF-1388,1,239.0,1.318,231.9,0.74,50.1,264.98,2026-02-20 07:40:16.000,2026-02-20 07:40:24.481,2026-02-20 07:40:16,1.0,0
1417885,0000-FCFB-0ABF-1388,1,239.1,1.321,232.0,0.73,50.1,264.98,2026-02-20 07:40:17.000,2026-02-20 07:40:24.481,2026-02-20 07:40:17,1.0,0
1417888,0000-FCFB-0ABF-1388,1,239.0,1.321,231.9,0.73,50.1,264.98,2026-02-20 07:40:18.000,2026-02-20 07:40:24.481,2026-02-20 07:40:18,1.0,0
1417891,0000-FCFB-0ABF-1388,1,239.0,1.321,231.9,0.73,50.1,264.98,2026-02-20 07:40:19.000,2026-02-20 07:40:24.481,2026-02-20 07:40:19,1.0,0
1417894,0000-FCFB-0ABF-1388,1,238.9,1.322,231.8,0.73,50.1,264.98,2026-02-20 07:40:20.000,2026-02-20 07:40:24.481,2026-02-20 07:40:20,1.0,0
1417897,0000-FCFB-0ABF-1388,1,239.0,1.324,232.0,0.73,50.1,264.98,2026-02-20 07:40:25.000,2026-02-20 07:40:35.813,2026-02-20 07:40:25,5.0,0
1417900,0000-FCFB-0ABF-1388,1,239.1,1.324,231.8,0.73,50.1,264.98,2026-02-20 07:40:26.000,2026-02-20 07:40:35.813,2026-02-20 07:40:26,1.0,0
1417903,0000-FCFB-0ABF-1388,1,239.0,1.324,231.9,0.73,50.1,264.98,2026-02-20 07:40:27.000,2026-02-20 07:40:35.813,2026-02-20 07:40:27,1.0,0
1417906,0000-FCFB-0ABF-1388,1,239.0,1.324,231.9,0.73,50.1,264.98,2026-02-20 07:40:28.000,2026-02-20 07:40:35.813,2026-02-20 07:40:28,1.0,0
1417909,0000-FCFB-0ABF-1388,1,239.2,1.321,231.9,0.73,50.1,264.98,2026-02-20 07:40:29.000,2026-02-20 07:40:35.813,2026-02-20 07:40:29,1.0,0
1417912,0000-FCFB-0ABF-1388,1,239.1,1.319,231.9,0.74,50.1,264.98,2026-02-20 07:40:30.000,2026-02-20 07:40:35.813,2026-02-20 07:40:30,1.0,0
1417915,0000-FCFB-0ABF-1388,1,239.1,1.318,231.8,0.74,50.1,264.98,2026-02-20 07:40:31.000,2026-02-20 07:40:35.813,2026-02-20 07:40:31,1.0,0
1417918,0000-FCFB-0ABF-1388,1,239.1,1.316,231.8,0.74,50.1,264.98,2026-02-20 07:40:32.000,2026-02-20 07:40:35.813,2026-02-20 07:40:32,1.0,0
1417921,0000-FCFB-0ABF-1388,1,239.1,1.316,231.8,0.74,50.1,264.98,2026-02-20 07:40:33.000,2026-02-20 07:40:35.813,2026-02-20 07:40:33,1.0,0
1417924,0000-FCFB-0ABF-1388,1,239.1,1.314,232.0,0.74,50.1,264.98,2026-02-20 07:40:34.000,2026-02-20 07:40:35.813,2026-02-20 07:40:34,1.0,0
1417927,0000-FCFB-0ABF-1388,1,239.1,1.314,231.9,0.74,50.1,264.98,2026-02-20 07:40:35.000,2026-02-20 07:40:35.813,2026-02-20 07:40:35,1.0,0
1417972,0000-FCFB-0ABF-1388,1,239.0,1.315,232.0,0.74,50.1,264.98,2026-02-20 07:40:36.000,2026-02-20 07:40:50.842,2026-02-20 07:40:36,1.0,0
1417975,0000-FCFB-0ABF-1388,1,239.0,1.317,232.0,0.74,50.1,264.98,2026-02-20 07:40:37.000,2026-02-20 07:40:50.842,2026-02-20 07:40:37,1.0,0
1417978,0000-FCFB-0ABF-1388,1,239.0,1.317,232.0,0.74,50.1,264.98,2026-02-20 07:40:38.000,2026-02-20 07:40:50.842,2026-02-20 07:40:38,1.0,0
1417981,0000-FCFB-0ABF-1388,1,239.1,1.317,231.9,0.74,50.1,264.98,2026-02-20 07:40:39.000,2026-02-20 07:40:50.842,2026-02-20 07:40:39,1.0,0
1417984,0000-FCFB-0ABF-1388,1,239.0,1.316,231.6,0.74,50.1,264.98,2026-02-20 07:40:40.000,2026-02-20 07:40:50.842,2026-02-20 07:40:40,1.0,0
1417987,0000-FCFB-0ABF-1388,1,239.0,1.318,231.8,0.74,50.1,264.98,2026-02-20 07:40:41.000,2026-02-20 07:40:50.842,2026-02-20 07:40:41,1.0,0
1417990,0000-FCFB-0ABF-1388,1,239.0,1.318,231.8,0.74,50.1,264.98,2026-02-20 07:40:42.000,2026-02-20 07:40:50.842,2026-02-20 07:40:42,1.0,0
1417993,0000-FCFB-0ABF-1388,1,239.0,1.32,231.7,0.73,50.1,264.98,2026-02-20 07:40:43.000,2026-02-20 07:40:50.842,2026-02-20 07:40:43,1.0,0
1417996,0000-FCFB-0ABF-1388,1,239.0,1.319,231.8,0.74,50.0,264.98,2026-02-20 07:40:44.000,2026-02-20 07:40:50.842,2026-02-20 07:40:44,1.0,0
1417999,0000-FCFB-0ABF-1388,1,239.1,1.32,231.9,0.73,50.1,264.98,2026-02-20 07:40:45.000,2026-02-20 07:40:50.842,2026-02-20 07:40:45,1.0,0
1418002,0000-FCFB-0ABF-1388,1,239.0,1.318,231.9,0.74,50.0,264.98,2026-02-20 07:40:46.000,2026-02-20 07:40:50.842,2026-02-20 07:40:46,1.0,0
1418005,0000-FCFB-0ABF-1388,1,239.0,1.318,231.9,0.74,50.1,264.98,2026-02-20 07:40:47.000,2026-02-20 07:40:50.842,2026-02-20 07:40:47,1.0,0
1418008,0000-FCFB-0ABF-1388,1,239.0,1.316,231.7,0.74,50.0,264.98,2026-02-20 07:40:48.000,2026-02-20 07:40:50.842,2026-02-20 07:40:48,1.0,0
1418011,0000-FCFB-0ABF-1388,1,238.9,1.314,231.7,0.74,50.1,264.98,2026-02-20 07:40:49.000,2026-02-20 07:40:50.842,2026-02-20 07:40:49,1.0,0
1418014,0000-FCFB-0ABF-1388,1,239.1,1.312,231.8,0.74,50.1,264.98,2026-02-20 07:40:50.000,2026-02-20 07:40:50.842,2026-02-20 07:40:50,1.0,0
1418062,0000-FCFB-0ABF-1388,1,239.0,1.312,231.7,0.74,50.1,264.98,2026-02-20 07:40:51.000,2026-02-20 07:41:05.828,2026-02-20 07:40:51,1.0,0
1418065,0000-FCFB-0ABF-1388,1,239.0,1.312,231.7,0.74,50.1,264.98,2026-02-20 07:40:52.000,2026-02-20 07:41:05.828,2026-02-20 07:40:52,1.0,0
1418068,0000-FCFB-0ABF-1388,1,238.9,1.313,231.7,0.74,50.1,264.98,2026-02-20 07:40:53.000,2026-02-20 07:41:05.828,2026-02-20 07:40:53,1.0,0
1418071,0000-FCFB-0ABF-1388,1,238.9,1.313,231.6,0.74,50.1,264.98,2026-02-20 07:40:54.000,2026-02-20 07:41:05.828,2026-02-20 07:40:54,1.0,0
1418074,0000-FCFB-0ABF-1388,1,238.9,1.313,231.9,0.74,50.0,264.98,2026-02-20 07:40:55.000,2026-02-20 07:41:05.828,2026-02-20 07:40:55,1.0,0
1418077,0000-FCFB-0ABF-1388,1,238.9,1.313,231.9,0.74,50.1,264.98,2026-02-20 07:40:56.000,2026-02-20 07:41:05.828,2026-02-20 07:40:56,1.0,0
1418080,0000-FCFB-0ABF-1388,1,238.9,1.314,231.8,0.74,50.1,264.98,2026-02-20 07:40:57.000,2026-02-20 07:41:05.828,2026-02-20 07:40:57,1.0,0
1418083,0000-FCFB-0ABF-1388,1,239.2,1.318,231.9,0.74,50.1,264.98,2026-02-20 07:40:58.000,2026-02-20 07:41:05.828,2026-02-20 07:40:58,1.0,0
1418086,0000-FCFB-0ABF-1388,1,239.4,1.316,232.0,0.74,50.1,264.98,2026-02-20 07:40:59.000,2026-02-20 07:41:05.828,2026-02-20 07:40:59,1.0,0
1418089,0000-FCFB-0ABF-1388,1,239.3,1.317,232.0,0.74,50.1,264.98,2026-02-20 07:41:00.000,2026-02-20 07:41:05.828,2026-02-20 07:41:00,1.0,0
1418092,0000-FCFB-0ABF-1388,1,239.3,1.317,232.0,0.74,50.1,264.98,2026-02-20 07:41:01.000,2026-02-20 07:41:05.828,2026-02-20 07:41:01,1.0,0
1418095,0000-FCFB-0ABF-1388,1,239.1,1.317,231.9,0.74,50.1,264.98,2026-02-20 07:41:02.000,2026-02-20 07:41:05.828,2026-02-20 07:41:02,1.0,0
1418098,0000-FCFB-0ABF-1388,1,239.1,1.316,231.8,0.74,50.0,264.98,2026-02-20 07:41:03.000,2026-02-20 07:41:05.828,2026-02-20 07:41:03,1.0,0
1418101,0000-FCFB-0ABF-1388,1,239.1,1.318,231.9,0.74,50.1,264.98,2026-02-20 07:41:04.000,2026-02-20 07:41:05.828,2026-02-20 07:41:04,1.0,0
1418104,0000-FCFB-0ABF-1388,1,239.1,1.318,231.9,0.74,50.0,264.98,2026-02-20 07:41:05.000,2026-02-20 07:41:05.828,2026-02-20 07:41:05,1.0,0
1418140,0000-FCFB-0ABF-1388,1,239.1,1.317,231.8,0.74,50.1,264.98,2026-02-20 07:41:06.000,2026-02-20 07:41:20.872,2026-02-20 07:41:06,1.0,0
1418143,0000-FCFB-0ABF-1388,1,238.8,2.489,489.4,0.82,50.0,264.98,2026-02-20 07:41:07.000,2026-02-20 07:41:20.872,2026-02-20 07:41:07,1.0,0
1418146,0000-FCFB-0ABF-1388,1,238.6,3.654,848.9,0.97,50.1,264.98,2026-02-20 07:41:08.000,2026-02-20 07:41:20.872,2026-02-20 07:41:08,1.0,0
1418149,0000-FCFB-0ABF-1388,1,239.0,1.501,295.9,0.82,50.0,264.98,2026-02-20 07:41:09.000,2026-02-20 07:41:20.872,2026-02-20 07:41:09,1.0,0
1418152,0000-FCFB-0ABF-1388,1,239.0,1.501,295.9,0.82,50.1,264.98,2026-02-20 07:41:10.000,2026-02-20 07:41:20.872,2026-02-20 07:41:10,1.0,0
1418155,0000-FCFB-0ABF-1388,1,239.0,1.479,288.7,0.82,50.1,264.98,2026-02-20 07:41:11.000,2026-02-20 07:41:20.872,2026-02-20 07:41:11,1.0,0
1418158,0000-FCFB-0ABF-1388,1,238.9,1.476,286.9,0.81,50.1,264.98,2026-02-20 07:41:12.000,2026-02-20 07:41:20.872,2026-02-20 07:41:12,1.0,0
1418161,0000-FCFB-0ABF-1388,1,238.9,1.472,285.9,0.81,50.1,264.98,2026-02-20 07:41:13.000,2026-02-20 07:41:20.872,2026-02-20 07:41:13,1.0,0
1418164,0000-FCFB-0ABF-1388,1,238.9,1.472,285.9,0.81,50.1,264.98,2026-02-20 07:41:14.000,2026-02-20 07:41:20.872,2026-02-20 07:41:14,1.0,0
1418167,0000-FCFB-0ABF-1388,1,238.9,1.468,285.3,0.81,50.1,264.98,2026-02-20 07:41:15.000,2026-02-20 07:41:20.872,2026-02-20 07:41:15,1.0,0
1418170,0000-FCFB-0ABF-1388,1,239.7,1.46,284.9,0.81,50.1,264.98,2026-02-20 07:41:16.000,2026-02-20 07:41:20.872,2026-02-20 07:41:16,1.0,0
1418173,0000-FCFB-0ABF-1388,1,239.9,1.456,284.6,0.81,50.1,264.98,2026-02-20 07:41:17.000,2026-02-20 07:41:20.872,2026-02-20 07:41:17,1.0,0
1418176,0000-FCFB-0ABF-1388,1,239.1,1.457,283.3,0.81,50.0,264.98,2026-02-20 07:41:18.000,2026-02-20 07:41:20.872,2026-02-20 07:41:18,1.0,0
1418179,0000-FCFB-0ABF-1388,1,239.1,1.457,283.3,0.81,50.1,264.99,2026-02-20 07:41:19.000,2026-02-20 07:41:20.872,2026-02-20 07:41:19,1.0,0
1418182,0000-FCFB-0ABF-1388,1,239.6,1.453,283.0,0.81,50.1,264.99,2026-02-20 07:41:20.000,2026-02-20 07:41:20.872,2026-02-20 07:41:20,1.0,0
1418230,0000-FCFB-0ABF-1388,1,239.8,1.452,283.1,0.81,50.1,264.99,2026-02-20 07:41:21.000,2026-02-20 07:41:35.888,2026-02-20 07:41:21,1.0,0
1418233,0000-FCFB-0ABF-1388,1,239.8,1.455,283.4,0.81,50.1,264.99,2026-02-20 07:41:22.000,2026-02-20 07:41:35.888,2026-02-20 07:41:22,1.0,0
1418236,0000-FCFB-0ABF-1388,1,239.7,1.458,283.8,0.81,50.1,264.99,2026-02-20 07:41:23.000,2026-02-20 07:41:35.888,2026-02-20 07:41:23,1.0,0
1418239,0000-FCFB-0ABF-1388,1,239.7,1.458,283.8,0.81,50.1,264.99,2026-02-20 07:41:24.000,2026-02-20 07:41:35.888,2026-02-20 07:41:24,1.0,0
1418242,0000-FCFB-0ABF-1388,1,239.8,1.454,283.7,0.81,50.1,264.99,2026-02-20 07:41:25.000,2026-02-20 07:41:35.888,2026-02-20 07:41:25,1.0,0
1418245,0000-FCFB-0ABF-1388,1,239.8,1.456,283.8,0.81,50.0,264.99,2026-02-20 07:41:26.000,2026-02-20 07:41:35.888,2026-02-20 07:41:26,1.0,0
1418248,0000-FCFB-0ABF-1388,1,239.7,1.459,284.1,0.81,50.1,264.99,2026-02-20 07:41:27.000,2026-02-20 07:41:35.888,2026-02-20 07:41:27,1.0,0
1418251,0000-FCFB-0ABF-1388,1,239.7,1.459,284.1,0.81,50.1,264.99,2026-02-20 07:41:28.000,2026-02-20 07:41:35.888,2026-02-20 07:41:28,1.0,0
1418254,0000-FCFB-0ABF-1388,1,239.7,1.458,284.2,0.81,50.1,264.99,2026-02-20 07:41:29.000,2026-02-20 07:41:35.888,2026-02-20 07:41:29,1.0,0
1418257,0000-FCFB-0ABF-1388,1,239.6,1.457,284.0,0.81,50.1,264.99,2026-02-20 07:41:30.000,2026-02-20 07:41:35.888,2026-02-20 07:41:30,1.0,0
1418260,0000-FCFB-0ABF-1388,1,239.5,1.457,284.0,0.81,50.1,264.99,2026-02-20 07:41:31.000,2026-02-20 07:41:35.888,2026-02-20 07:41:31,1.0,0
1418263,0000-FCFB-0ABF-1388,1,239.5,1.455,284.2,0.82,50.0,264.99,2026-02-20 07:41:32.000,2026-02-20 07:41:35.888,2026-02-20 07:41:32,1.0,0
1418266,0000-FCFB-0ABF-1388,1,239.5,1.455,284.2,0.82,50.1,264.99,2026-02-20 07:41:33.000,2026-02-20 07:41:35.888,2026-02-20 07:41:33,1.0,0
1418269,0000-FCFB-0ABF-1388,1,239.6,1.455,284.0,0.81,50.1,264.99,2026-02-20 07:41:34.000,2026-02-20 07:41:35.888,2026-02-20 07:41:34,1.0,0
1418272,0000-FCFB-0ABF-1388,1,239.7,1.458,284.2,0.81,50.0,264.99,2026-02-20 07:41:35.000,2026-02-20 07:41:35.888,2026-02-20 07:41:35,1.0,0
1418320,0000-FCFB-0ABF-1388,1,239.6,1.458,284.2,0.81,50.1,264.99,2026-02-20 07:41:36.000,2026-02-20 07:41:51.023,2026-02-20 07:41:36,1.0,0
1418323,0000-FCFB-0ABF-1388,1,239.2,1.46,284.1,0.81,50.1,264.99,2026-02-20 07:41:37.000,2026-02-20 07:41:51.023,2026-02-20 07:41:37,1.0,0
1418326,0000-FCFB-0ABF-1388,1,239.2,1.46,284.1,0.81,50.0,264.99,2026-02-20 07:41:38.000,2026-02-20 07:41:51.023,2026-02-20 07:41:38,1.0,0
1418329,0000-FCFB-0ABF-1388,1,238.5,1.463,284.0,0.81,50.1,264.99,2026-02-20 07:41:39.000,2026-02-20 07:41:51.023,2026-02-20 07:41:39,1.0,0
1418332,0000-FCFB-0ABF-1388,1,239.2,1.461,284.2,0.81,50.1,264.99,2026-02-20 07:41:40.000,2026-02-20 07:41:51.023,2026-02-20 07:41:40,1.0,0
1418335,0000-FCFB-0ABF-1388,1,239.5,1.459,284.4,0.81,50.1,264.99,2026-02-20 07:41:41.000,2026-02-20 07:41:51.023,2026-02-20 07:41:41,1.0,0
1418338,0000-FCFB-0ABF-1388,1,239.5,1.459,284.4,0.81,50.1,264.99,2026-02-20 07:41:42.000,2026-02-20 07:41:51.023,2026-02-20 07:41:42,1.0,0
1418341,0000-FCFB-0ABF-1388,1,239.3,1.46,284.5,0.81,50.1,264.99,2026-02-20 07:41:43.000,2026-02-20 07:41:51.023,2026-02-20 07:41:43,1.0,0
1418344,0000-FCFB-0ABF-1388,1,239.3,1.459,284.4,0.81,50.1,264.99,2026-02-20 07:41:44.000,2026-02-20 07:41:51.023,2026-02-20 07:41:44,1.0,0
1418347,0000-FCFB-0ABF-1388,1,239.3,1.457,284.3,0.82,50.0,264.99,2026-02-20 07:41:45.000,2026-02-20 07:41:51.023,2026-02-20 07:41:45,1.0,0
1418350,0000-FCFB-0ABF-1388,1,238.1,1.46,283.4,0.82,50.0,264.99,2026-02-20 07:41:46.000,2026-02-20 07:41:51.023,2026-02-20 07:41:46,1.0,0
1418353,0000-FCFB-0ABF-1388,1,238.1,1.46,283.4,0.82,50.0,264.99,2026-02-20 07:41:47.000,2026-02-20 07:41:51.023,2026-02-20 07:41:47,1.0,0
1418356,0000-FCFB-0ABF-1388,1,239.4,1.457,284.6,0.82,50.0,264.99,2026-02-20 07:41:48.000,2026-02-20 07:41:51.023,2026-02-20 07:41:48,1.0,0
1418359,0000-FCFB-0ABF-1388,1,239.2,1.454,284.4,0.82,50.0,264.99,2026-02-20 07:41:49.000,2026-02-20 07:41:51.023,2026-02-20 07:41:49,1.0,0
1418362,0000-FCFB-0ABF-1388,1,239.3,1.451,284.3,0.82,50.0,264.99,2026-02-20 07:41:50.000,2026-02-20 07:41:51.023,2026-02-20 07:41:50,1.0,0
1418410,0000-FCFB-0ABF-1388,1,239.3,1.451,284.2,0.82,50.0,264.99,2026-02-20 07:41:51.000,2026-02-20 07:42:06.088,2026-02-20 07:41:51,1.0,0
1418413,0000-FCFB-0ABF-1388,1,239.3,1.451,284.2,0.82,50.0,264.99,2026-02-20 07:41:52.000,2026-02-20 07:42:06.088,2026-02-20 07:41:52,1.0,0
1418416,0000-FCFB-0ABF-1388,1,239.2,1.452,284.1,0.82,50.1,264.99,2026-02-20 07:41:53.000,2026-02-20 07:42:06.088,2026-02-20 07:41:53,1.0,0
1418419,0000-FCFB-0ABF-1388,1,239.3,1.454,284.4,0.82,50.0,264.99,2026-02-20 07:41:54.000,2026-02-20 07:42:06.088,2026-02-20 07:41:54,1.0,0
1418422,0000-FCFB-0ABF-1388,1,239.5,1.453,284.6,0.82,50.1,264.99,2026-02-20 07:41:55.000,2026-02-20 07:42:06.088,2026-02-20 07:41:55,1.0,0
1418425,0000-FCFB-0ABF-1388,1,239.5,1.453,284.6,0.82,50.1,264.99,2026-02-20 07:41:56.000,2026-02-20 07:42:06.088,2026-02-20 07:41:56,1.0,0
1418428,0000-FCFB-0ABF-1388,1,239.5,1.451,284.4,0.82,50.1,264.99,2026-02-20 07:41:57.000,2026-02-20 07:42:06.088,2026-02-20 07:41:57,1.0,0
1418431,0000-FCFB-0ABF-1388,1,239.5,1.452,284.1,0.82,50.1,264.99,2026-02-20 07:41:58.000,2026-02-20 07:42:06.088,2026-02-20 07:41:58,1.0,0
1418434,0000-FCFB-0ABF-1388,1,239.4,1.454,284.3,0.82,50.1,264.99,2026-02-20 07:41:59.000,2026-02-20 07:42:06.088,2026-02-20 07:41:59,1.0,0
1418437,0000-FCFB-0ABF-1388,1,239.4,1.452,284.0,0.82,50.1,264.99,2026-02-20 07:42:00.000,2026-02-20 07:42:06.088,2026-02-20 07:42:00,1.0,0
1418440,0000-FCFB-0ABF-1388,1,239.4,1.452,284.0,0.82,50.1,264.99,2026-02-20 07:42:01.000,2026-02-20 07:42:06.088,2026-02-20 07:42:01,1.0,0
1418443,0000-FCFB-0ABF-1388,1,239.3,1.449,283.9,0.82,50.1,264.99,2026-02-20 07:42:02.000,2026-02-20 07:42:06.088,2026-02-20 07:42:02,1.0,0
1418446,0000-FCFB-0ABF-1388,1,238.3,1.453,283.4,0.82,50.1,264.99,2026-02-20 07:42:03.000,2026-02-20 07:42:06.088,2026-02-20 07:42:03,1.0,0
1418449,0000-FCFB-0ABF-1388,1,239.3,1.451,283.9,0.82,50.1,264.99,2026-02-20 07:42:04.000,2026-02-20 07:42:06.088,2026-02-20 07:42:04,1.0,0
1418452,0000-FCFB-0ABF-1388,1,239.3,1.451,283.9,0.82,50.1,264.99,2026-02-20 07:42:05.000,2026-02-20 07:42:06.088,2026-02-20 07:42:05,1.0,0
1418545,0000-FCFB-0ABF-1388,1,239.2,1.451,283.8,0.82,50.0,264.99,2026-02-20 07:42:06.000,2026-02-20 07:42:31.496,2026-02-20 07:42:06,1.0,0
1418548,0000-FCFB-0ABF-1388,1,239.2,1.452,283.7,0.82,50.1,264.99,2026-02-20 07:42:07.000,2026-02-20 07:42:31.496,2026-02-20 07:42:07,1.0,0
1418551,0000-FCFB-0ABF-1388,1,239.3,1.451,283.7,0.82,50.1,264.99,2026-02-20 07:42:08.000,2026-02-20 07:42:31.496,2026-02-20 07:42:08,1.0,0
1418554,0000-FCFB-0ABF-1388,1,239.2,1.453,283.9,0.82,50.0,264.99,2026-02-20 07:42:09.000,2026-02-20 07:42:31.496,2026-02-20 07:42:09,1.0,0
1418557,0000-FCFB-0ABF-1388,1,239.2,1.453,283.9,0.82,50.0,264.99,2026-02-20 07:42:10.000,2026-02-20 07:42:31.496,2026-02-20 07:42:10,1.0,0
1418560,0000-FCFB-0ABF-1388,1,239.2,1.454,283.8,0.82,50.1,264.99,2026-02-20 07:42:11.000,2026-02-20 07:42:31.496,2026-02-20 07:42:11,1.0,0
1418563,0000-FCFB-0ABF-1388,1,239.1,1.453,283.4,0.82,50.0,264.99,2026-02-20 07:42:12.000,2026-02-20 07:42:31.496,2026-02-20 07:42:12,1.0,0
1418566,0000-FCFB-0ABF-1388,1,239.1,1.451,283.6,0.82,50.0,264.99,2026-02-20 07:42:13.000,2026-02-20 07:42:31.496,2026-02-20 07:42:13,1.0,0
1418569,0000-FCFB-0ABF-1388,1,239.1,1.451,283.6,0.82,50.1,264.99,2026-02-20 07:42:14.000,2026-02-20 07:42:31.496,2026-02-20 07:42:14,1.0,0
1418572,0000-FCFB-0ABF-1388,1,237.9,1.455,282.7,0.82,50.0,264.99,2026-02-20 07:42:15.000,2026-02-20 07:42:31.496,2026-02-20 07:42:15,1.0,0
1418575,0000-FCFB-0ABF-1388,1,239.2,1.452,283.4,0.82,50.1,264.99,2026-02-20 07:42:16.000,2026-02-20 07:42:31.496,2026-02-20 07:42:16,1.0,0
1418578,0000-FCFB-0ABF-1388,1,239.0,1.453,283.3,0.82,50.0,264.99,2026-02-20 07:42:17.000,2026-02-20 07:42:31.496,2026-02-20 07:42:17,1.0,0
1418581,0000-FCFB-0ABF-1388,1,239.0,1.453,283.3,0.82,50.1,264.99,2026-02-20 07:42:18.000,2026-02-20 07:42:31.496,2026-02-20 07:42:18,1.0,0
1418584,0000-FCFB-0ABF-1388,1,239.0,1.453,283.3,0.82,50.0,264.99,2026-02-20 07:42:19.000,2026-02-20 07:42:31.496,2026-02-20 07:42:19,1.0,0
1418587,0000-FCFB-0ABF-1388,1,239.1,1.451,283.2,0.82,50.0,264.99,2026-02-20 07:42:20.000,2026-02-20 07:42:31.496,2026-02-20 07:42:20,1.0,0
1418590,0000-FCFB-0ABF-1388,1,238.0,1.455,281.9,0.81,50.0,264.99,2026-02-20 07:42:32.000,2026-02-20 07:42:36.003,2026-02-20 07:42:32,12.0,0
1418593,0000-FCFB-0ABF-1388,1,238.6,1.455,282.4,0.81,50.1,264.99,2026-02-20 07:42:33.000,2026-02-20 07:42:36.003,2026-02-20 07:42:33,1.0,0
1418596,0000-FCFB-0ABF-1388,1,239.8,1.45,283.2,0.81,50.0,264.99,2026-02-20 07:42:34.000,2026-02-20 07:42:36.003,2026-02-20 07:42:34,1.0,0
1418599,0000-FCFB-0ABF-1388,1,239.8,1.453,283.3,0.81,50.0,264.99,2026-02-20 07:42:35.000,2026-02-20 07:42:36.003,2026-02-20 07:42:35,1.0,0
1418644,0000-FCFB-0ABF-1388,1,239.7,1.45,283.1,0.81,50.0,264.99,2026-02-20 07:42:36.000,2026-02-20 07:42:51.062,2026-02-20 07:42:36,1.0,0
1418647,0000-FCFB-0ABF-1388,1,239.7,1.45,283.1,0.81,50.0,264.99,2026-02-20 07:42:37.000,2026-02-20 07:42:51.062,2026-02-20 07:42:37,1.0,0
1418650,0000-FCFB-0ABF-1388,1,239.8,1.451,283.0,0.81,50.0,264.99,2026-02-20 07:42:38.000,2026-02-20 07:42:51.062,2026-02-20 07:42:38,1.0,0
1418653,0000-FCFB-0ABF-1388,1,239.8,1.452,283.0,0.81,50.0,264.99,2026-02-20 07:42:39.000,2026-02-20 07:42:51.062,2026-02-20 07:42:39,1.0,0
1418656,0000-FCFB-0ABF-1388,1,239.8,1.453,283.0,0.81,50.0,264.99,2026-02-20 07:42:40.000,2026-02-20 07:42:51.062,2026-02-20 07:42:40,1.0,0
1418659,0000-FCFB-0ABF-1388,1,239.8,1.45,282.8,0.81,50.1,264.99,2026-02-20 07:42:41.000,2026-02-20 07:42:51.062,2026-02-20 07:42:41,1.0,0
1418662,0000-FCFB-0ABF-1388,1,239.9,1.45,282.8,0.81,50.0,264.99,2026-02-20 07:42:42.000,2026-02-20 07:42:51.062,2026-02-20 07:42:42,1.0,0
1418665,0000-FCFB-0ABF-1388,1,239.9,1.45,282.9,0.81,50.0,264.99,2026-02-20 07:42:43.000,2026-02-20 07:42:51.062,2026-02-20 07:42:43,1.0,0
1418668,0000-FCFB-0ABF-1388,1,239.9,1.451,283.0,0.81,50.1,264.99,2026-02-20 07:42:44.000,2026-02-20 07:42:51.062,2026-02-20 07:42:44,1.0,0
1418671,0000-FCFB-0ABF-1388,1,239.8,1.553,310.5,0.83,50.1,264.99,2026-02-20 07:42:45.000,2026-02-20 07:42:51.062,2026-02-20 07:42:45,1.0,0
1418674,0000-FCFB-0ABF-1388,1,239.8,1.706,356.4,0.87,50.0,264.99,2026-02-20 07:42:46.000,2026-02-20 07:42:51.062,2026-02-20 07:42:46,1.0,0
1418677,0000-FCFB-0ABF-1388,1,239.8,1.706,356.4,0.87,50.0,264.99,2026-02-20 07:42:47.000,2026-02-20 07:42:51.062,2026-02-20 07:42:47,1.0,0
1418680,0000-FCFB-0ABF-1388,1,239.8,1.691,353.1,0.87,50.0,264.99,2026-02-20 07:42:48.000,2026-02-20 07:42:51.062,2026-02-20 07:42:48,1.0,0
1418683,0000-FCFB-0ABF-1388,1,239.9,1.667,346.3,0.87,50.1,264.99,2026-02-20 07:42:49.000,2026-02-20 07:42:51.062,2026-02-20 07:42:49,1.0,0
1418686,0000-FCFB-0ABF-1388,1,239.4,1.64,337.8,0.86,50.0,264.99,2026-02-20 07:42:50.000,2026-02-20 07:42:51.062,2026-02-20 07:42:50,1.0,0
1418719,0000-FCFB-0ABF-1388,1,239.4,1.64,337.8,0.86,50.0,264.99,2026-02-20 07:42:51.000,2026-02-20 07:43:06.096,2026-02-20 07:42:51,1.0,0
1418722,0000-FCFB-0ABF-1388,1,238.3,1.629,332.4,0.86,50.1,264.99,2026-02-20 07:42:52.000,2026-02-20 07:43:06.096,2026-02-20 07:42:52,1.0,0
1418725,0000-FCFB-0ABF-1388,1,239.7,1.615,330.8,0.85,50.0,264.99,2026-02-20 07:42:53.000,2026-02-20 07:43:06.096,2026-02-20 07:42:53,1.0,0
1418728,0000-FCFB-0ABF-1388,1,239.5,1.609,328.7,0.85,50.0,264.99,2026-02-20 07:42:54.000,2026-02-20 07:43:06.096,2026-02-20 07:42:54,1.0,0
1418731,0000-FCFB-0ABF-1388,1,239.8,1.608,328.9,0.85,50.0,264.99,2026-02-20 07:42:55.000,2026-02-20 07:43:06.096,2026-02-20 07:42:55,1.0,0
1418734,0000-FCFB-0ABF-1388,1,239.8,1.608,328.9,0.85,50.0,264.99,2026-02-20 07:42:56.000,2026-02-20 07:43:06.096,2026-02-20 07:42:56,1.0,0
1418737,0000-FCFB-0ABF-1388,1,239.7,1.607,328.4,0.85,50.0,264.99,2026-02-20 07:42:57.000,2026-02-20 07:43:06.096,2026-02-20 07:42:57,1.0,0
1418740,0000-FCFB-0ABF-1388,1,239.7,1.607,328.5,0.85,50.1,264.99,2026-02-20 07:42:58.000,2026-02-20 07:43:06.096,2026-02-20 07:42:58,1.0,0
1418743,0000-FCFB-0ABF-1388,1,239.7,1.605,328.5,0.85,50.0,264.99,2026-02-20 07:42:59.000,2026-02-20 07:43:06.096,2026-02-20 07:42:59,1.0,0
1418746,0000-FCFB-0ABF-1388,1,239.7,1.605,328.5,0.85,50.0,264.99,2026-02-20 07:43:00.000,2026-02-20 07:43:06.096,2026-02-20 07:43:00,1.0,0
1418749,0000-FCFB-0ABF-1388,1,239.5,1.605,328.0,0.85,50.0,264.99,2026-02-20 07:43:01.000,2026-02-20 07:43:06.096,2026-02-20 07:43:01,1.0,0
1418752,0000-FCFB-0ABF-1388,1,239.3,1.593,327.9,0.86,50.0,264.99,2026-02-20 07:43:02.000,2026-02-20 07:43:06.096,2026-02-20 07:43:02,1.0,0
1418755,0000-FCFB-0ABF-1388,1,238.7,1.594,327.2,0.86,50.0,264.99,2026-02-20 07:43:03.000,2026-02-20 07:43:06.096,2026-02-20 07:43:03,1.0,0
1418758,0000-FCFB-0ABF-1388,1,239.3,1.594,327.7,0.86,50.0,264.99,2026-02-20 07:43:04.000,2026-02-20 07:43:06.096,2026-02-20 07:43:04,1.0,0
1418761,0000-FCFB-0ABF-1388,1,239.3,1.594,327.7,0.86,50.0,264.99,2026-02-20 07:43:05.000,2026-02-20 07:43:06.096,2026-02-20 07:43:05,1.0,0
1418854,0000-FCFB-0ABF-1388,1,239.4,1.592,328.1,0.86,50.0,264.99,2026-02-20 07:43:06.000,2026-02-20 07:43:34.322,2026-02-20 07:43:06,1.0,0
1418857,0000-FCFB-0ABF-1388,1,239.6,1.589,327.9,0.86,50.0,264.99,2026-02-20 07:43:07.000,2026-02-20 07:43:34.322,2026-02-20 07:43:07,1.0,0
1418860,0000-FCFB-0ABF-1388,1,239.6,1.59,327.8,0.86,50.0,264.99,2026-02-20 07:43:08.000,2026-02-20 07:43:34.322,2026-02-20 07:43:08,1.0,0
1418863,0000-FCFB-0ABF-1388,1,239.6,1.59,327.8,0.86,50.0,264.99,2026-02-20 07:43:09.000,2026-02-20 07:43:34.322,2026-02-20 07:43:09,1.0,0
1418866,0000-FCFB-0ABF-1388,1,239.6,1.592,327.9,0.86,50.1,264.99,2026-02-20 07:43:10.000,2026-02-20 07:43:34.322,2026-02-20 07:43:10,1.0,0
1418869,0000-FCFB-0ABF-1388,1,239.5,1.593,328.1,0.86,50.1,264.99,2026-02-20 07:43:11.000,2026-02-20 07:43:34.322,2026-02-20 07:43:11,1.0,0
1418872,0000-FCFB-0ABF-1388,1,239.4,1.591,327.8,0.86,50.0,264.99,2026-02-20 07:43:12.000,2026-02-20 07:43:34.322,2026-02-20 07:43:12,1.0,0
1418875,0000-FCFB-0ABF-1388,1,239.4,1.592,327.7,0.86,50.1,264.99,2026-02-20 07:43:13.000,2026-02-20 07:43:34.322,2026-02-20 07:43:13,1.0,0
1418878,0000-FCFB-0ABF-1388,1,239.4,1.592,327.7,0.86,50.1,264.99,2026-02-20 07:43:14.000,2026-02-20 07:43:34.322,2026-02-20 07:43:14,1.0,0
1418881,0000-FCFB-0ABF-1388,1,240.2,1.586,328.3,0.86,50.0,264.99,2026-02-20 07:43:15.000,2026-02-20 07:43:34.322,2026-02-20 07:43:15,1.0,0
1418884,0000-FCFB-0ABF-1388,1,240.5,1.582,328.3,0.86,50.0,264.99,2026-02-20 07:43:16.000,2026-02-20 07:43:34.322,2026-02-20 07:43:16,1.0,0
1418887,0000-FCFB-0ABF-1388,1,240.5,1.582,328.3,0.86,50.1,264.99,2026-02-20 07:43:17.000,2026-02-20 07:43:34.322,2026-02-20 07:43:17,1.0,0
1418890,0000-FCFB-0ABF-1388,1,240.4,1.583,328.0,0.86,50.0,264.99,2026-02-20 07:43:18.000,2026-02-20 07:43:34.322,2026-02-20 07:43:18,1.0,0
1418893,0000-FCFB-0ABF-1388,1,240.4,1.583,328.0,0.86,50.0,264.99,2026-02-20 07:43:19.000,2026-02-20 07:43:34.322,2026-02-20 07:43:19,1.0,0
1418896,0000-FCFB-0ABF-1388,1,238.8,1.589,326.6,0.86,50.0,265.0,2026-02-20 07:43:20.000,2026-02-20 07:43:34.322,2026-02-20 07:43:20,1.0,0
1418899,0000-FCFB-0ABF-1388,1,238.1,11.017,2465.4,0.94,50.0,265.0,2026-02-20 07:43:34.000,2026-02-20 07:43:35.903,2026-02-20 07:43:34,14.0,0
1418944,0000-FCFB-0ABF-1388,1,238.0,11.503,2710.0,0.99,50.0,265.0,2026-02-20 07:43:36.000,2026-02-20 07:43:51.074,2026-02-20 07:43:36,2.0,0
1418947,0000-FCFB-0ABF-1388,1,238.7,8.559,2042.8,1.0,50.0,265.0,2026-02-20 07:43:37.000,2026-02-20 07:43:51.074,2026-02-20 07:43:37,1.0,0
1418950,0000-FCFB-0ABF-1388,1,239.0,6.99,1630.8,0.98,50.1,265.0,2026-02-20 07:43:38.000,2026-02-20 07:43:51.074,2026-02-20 07:43:38,1.0,1
1418953,0000-FCFB-0ABF-1388,1,238.8,7.348,1714.7,0.98,50.0,265.0,2026-02-20 07:43:39.000,2026-02-20 07:43:51.074,2026-02-20 07:43:39,1.0,1
1418956,0000-FCFB-0ABF-1388,1,238.8,7.898,1848.2,0.98,50.0,265.0,2026-02-20 07:43:40.000,2026-02-20 07:43:51.074,2026-02-20 07:43:40,1.0,1
1418959,0000-FCFB-0ABF-1388,1,238.8,7.898,1848.2,0.98,50.1,265.01,2026-02-20 07:43:41.000,2026-02-20 07:43:51.074,2026-02-20 07:43:41,1.0,1
1418962,0000-FCFB-0ABF-1388,1,238.8,8.083,1891.8,0.98,50.0,265.01,2026-02-20 07:43:42.000,2026-02-20 07:43:51.074,2026-02-20 07:43:42,1.0,1
1418965,0000-FCFB-0ABF-1388,1,238.9,8.178,1915.4,0.98,50.0,265.01,2026-02-20 07:43:43.000,2026-02-20 07:43:51.074,2026-02-20 07:43:43,1.0,1
1418968,0000-FCFB-0ABF-1388,1,238.9,8.21,1923.7,0.98,50.0,265.01,2026-02-20 07:43:44.000,2026-02-20 07:43:51.074,2026-02-20 07:43:44,1.0,1
1418971,0000-FCFB-0ABF-1388,1,238.9,8.21,1923.7,0.98,50.0,265.01,2026-02-20 07:43:45.000,2026-02-20 07:43:51.074,2026-02-20 07:43:45,1.0,1
1418974,0000-FCFB-0ABF-1388,1,237.6,8.23,1918.2,0.98,50.0,265.01,2026-02-20 07:43:46.000,2026-02-20 07:43:51.074,2026-02-20 07:43:46,1.0,1
1418977,0000-FCFB-0ABF-1388,1,238.5,8.126,1900.4,0.98,50.1,265.01,2026-02-20 07:43:47.000,2026-02-20 07:43:51.074,2026-02-20 07:43:47,1.0,1
1418980,0000-FCFB-0ABF-1388,1,239.2,7.985,1870.9,0.98,50.1,265.01,2026-02-20 07:43:48.000,2026-02-20 07:43:51.074,2026-02-20 07:43:48,1.0,1
1418983,0000-FCFB-0ABF-1388,1,239.1,7.93,1857.2,0.98,50.1,265.01,2026-02-20 07:43:49.000,2026-02-20 07:43:51.074,2026-02-20 07:43:49,1.0,1
1418986,0000-FCFB-0ABF-1388,1,239.1,7.93,1857.2,0.98,50.1,265.01,2026-02-20 07:43:50.000,2026-02-20 07:43:51.074,2026-02-20 07:43:50,1.0,1
1418989,0000-FCFB-0ABF-1388,1,239.0,7.878,1843.8,0.98,50.0,265.01,2026-02-20 07:43:51.000,2026-02-20 07:44:06.101,2026-02-20 07:43:51,1.0,1
1418992,0000-FCFB-0ABF-1388,1,239.0,7.802,1825.8,0.98,50.1,265.01,2026-02-20 07:43:52.000,2026-02-20 07:44:06.101,2026-02-20 07:43:52,1.0,1
1418995,0000-FCFB-0ABF-1388,1,239.0,7.732,1809.5,0.98,50.0,265.01,2026-02-20 07:43:53.000,2026-02-20 07:44:06.101,2026-02-20 07:43:53,1.0,1
1418998,0000-FCFB-0ABF-1388,1,239.0,7.697,1800.9,0.98,50.0,265.01,2026-02-20 07:43:54.000,2026-02-20 07:44:06.101,2026-02-20 07:43:54,1.0,1
1419001,0000-FCFB-0ABF-1388,1,239.0,7.697,1800.9,0.98,50.1,265.01,2026-02-20 07:43:55.000,2026-02-20 07:44:06.101,2026-02-20 07:43:55,1.0,1
1419004,0000-FCFB-0ABF-1388,1,239.0,7.67,1794.2,0.98,50.1,265.01,2026-02-20 07:43:56.000,2026-02-20 07:44:06.101,2026-02-20 07:43:56,1.0,1
1419007,0000-FCFB-0ABF-1388,1,239.1,7.645,1788.6,0.98,50.0,265.01,2026-02-20 07:43:57.000,2026-02-20 07:44:06.101,2026-02-20 07:43:57,1.0,1
1419010,0000-FCFB-0ABF-1388,1,239.2,7.629,1784.5,0.98,50.0,265.01,2026-02-20 07:43:58.000,2026-02-20 07:44:06.101,2026-02-20 07:43:58,1.0,1
1419013,0000-FCFB-0ABF-1388,1,239.2,7.613,1780.8,0.98,50.0,265.01,2026-02-20 07:43:59.000,2026-02-20 07:44:06.101,2026-02-20 07:43:59,1.0,1
1419016,0000-FCFB-0ABF-1388,1,239.2,7.613,1780.8,0.98,50.0,265.01,2026-02-20 07:44:00.000,2026-02-20 07:44:06.101,2026-02-20 07:44:00,1.0,1
1419019,0000-FCFB-0ABF-1388,1,239.2,7.595,1777.1,0.98,50.1,265.02,2026-02-20 07:44:01.000,2026-02-20 07:44:06.101,2026-02-20 07:44:01,1.0,1
1419022,0000-FCFB-0ABF-1388,1,239.2,7.576,1772.8,0.98,50.1,265.02,2026-02-20 07:44:02.000,2026-02-20 07:44:06.101,2026-02-20 07:44:02,1.0,1
1419025,0000-FCFB-0ABF-1388,1,239.1,7.566,1769.5,0.98,50.0,265.02,2026-02-20 07:44:03.000,2026-02-20 07:44:06.101,2026-02-20 07:44:03,1.0,1
1419028,0000-FCFB-0ABF-1388,1,239.1,7.566,1769.5,0.98,50.1,265.02,2026-02-20 07:44:04.000,2026-02-20 07:44:06.101,2026-02-20 07:44:04,1.0,1
1419031,0000-FCFB-0ABF-1388,1,239.1,7.561,1767.6,0.98,50.1,265.02,2026-02-20 07:44:05.000,2026-02-20 07:44:06.101,2026-02-20 07:44:05,1.0,1
1419079,0000-FCFB-0ABF-1388,1,239.0,7.558,1766.2,0.98,50.1,265.02,2026-02-20 07:44:06.000,2026-02-20 07:44:21.089,2026-02-20 07:44:06,1.0,1
1419082,0000-FCFB-0ABF-1388,1,238.9,7.558,1765.6,0.98,50.1,265.02,2026-02-20 07:44:07.000,2026-02-20 07:44:21.089,2026-02-20 07:44:07,1.0,1
1419085,0000-FCFB-0ABF-1388,1,238.9,7.556,1766.0,0.98,50.1,265.02,2026-02-20 07:44:08.000,2026-02-20 07:44:21.089,2026-02-20 07:44:08,1.0,1
1419088,0000-FCFB-0ABF-1388,1,238.9,7.556,1766.0,0.98,50.0,265.02,2026-02-20 07:44:09.000,2026-02-20 07:44:21.089,2026-02-20 07:44:09,1.0,1
1419091,0000-FCFB-0ABF-1388,1,238.8,7.556,1766.3,0.98,50.1,265.02,2026-02-20 07:44:10.000,2026-02-20 07:44:21.089,2026-02-20 07:44:10,1.0,1
1419094,0000-FCFB-0ABF-1388,1,238.9,7.562,1767.0,0.98,50.0,265.02,2026-02-20 07:44:11.000,2026-02-20 07:44:21.089,2026-02-20 07:44:11,1.0,1
1419097,0000-FCFB-0ABF-1388,1,238.8,7.565,1767.4,0.98,50.0,265.02,2026-02-20 07:44:12.000,2026-02-20 07:44:21.089,2026-02-20 07:44:12,1.0,1
1419100,0000-FCFB-0ABF-1388,1,238.9,7.568,1768.2,0.98,50.1,265.02,2026-02-20 07:44:13.000,2026-02-20 07:44:21.089,2026-02-20 07:44:13,1.0,1
1419103,0000-FCFB-0ABF-1388,1,238.9,7.568,1768.2,0.98,50.1,265.02,2026-02-20 07:44:14.000,2026-02-20 07:44:21.089,2026-02-20 07:44:14,1.0,1
1419106,0000-FCFB-0ABF-1388,1,238.9,7.571,1769.4,0.98,50.1,265.02,2026-02-20 07:44:15.000,2026-02-20 07:44:21.089,2026-02-20 07:44:15,1.0,1
1419109,0000-FCFB-0ABF-1388,1,239.0,7.57,1770.4,0.98,50.1,265.02,2026-02-20 07:44:16.000,2026-02-20 07:44:21.089,2026-02-20 07:44:16,1.0,1
1419112,0000-FCFB-0ABF-1388,1,238.9,7.572,1770.9,0.98,50.0,265.02,2026-02-20 07:44:17.000,2026-02-20 07:44:21.089,2026-02-20 07:44:17,1.0,1
1419115,0000-FCFB-0ABF-1388,1,238.9,7.572,1770.9,0.98,50.0,265.02,2026-02-20 07:44:18.000,2026-02-20 07:44:21.089,2026-02-20 07:44:18,1.0,1
1419118,0000-FCFB-0ABF-1388,1,239.0,7.582,1772.8,0.98,50.0,265.02,2026-02-20 07:44:19.000,2026-02-20 07:44:21.089,2026-02-20 07:44:19,1.0,1
1419121,0000-FCFB-0ABF-1388,1,238.8,7.588,1773.4,0.98,50.0,265.02,2026-02-20 07:44:20.000,2026-02-20 07:44:21.089,2026-02-20 07:44:20,1.0,1
1419166,0000-FCFB-0ABF-1388,1,238.8,7.593,1774.3,0.98,50.0,265.03,2026-02-20 07:44:21.000,2026-02-20 07:44:36.123,2026-02-20 07:44:21,1.0,1
1419169,0000-FCFB-0ABF-1388,1,238.8,7.593,1775.0,0.98,50.0,265.03,2026-02-20 07:44:22.000,2026-02-20 07:44:36.123,2026-02-20 07:44:22,1.0,1
1419172,0000-FCFB-0ABF-1388,1,238.8,7.593,1775.0,0.98,50.0,265.03,2026-02-20 07:44:23.000,2026-02-20 07:44:36.123,2026-02-20 07:44:23,1.0,1
1419175,0000-FCFB-0ABF-1388,1,238.7,7.6,1776.8,0.98,50.0,265.03,2026-02-20 07:44:24.000,2026-02-20 07:44:36.123,2026-02-20 07:44:24,1.0,1
1419178,0000-FCFB-0ABF-1388,1,238.6,7.607,1777.4,0.98,50.0,265.03,2026-02-20 07:44:25.000,2026-02-20 07:44:36.123,2026-02-20 07:44:25,1.0,1
1419181,0000-FCFB-0ABF-1388,1,238.7,7.611,1778.2,0.98,50.1,265.03,2026-02-20 07:44:26.000,2026-02-20 07:44:36.123,2026-02-20 07:44:26,1.0,1
1419184,0000-FCFB-0ABF-1388,1,238.7,7.611,1778.2,0.98,50.1,265.03,2026-02-20 07:44:27.000,2026-02-20 07:44:36.123,2026-02-20 07:44:27,1.0,1
1419187,0000-FCFB-0ABF-1388,1,238.6,7.619,1779.5,0.98,50.0,265.03,2026-02-20 07:44:28.000,2026-02-20 07:44:36.123,2026-02-20 07:44:28,1.0,1
1419190,0000-FCFB-0ABF-1388,1,238.3,7.631,1780.7,0.98,50.0,265.03,2026-02-20 07:44:29.000,2026-02-20 07:44:36.123,2026-02-20 07:44:29,1.0,1
1419193,0000-FCFB-0ABF-1388,1,238.1,7.641,1781.2,0.98,50.0,265.03,2026-02-20 07:44:30.000,2026-02-20 07:44:36.123,2026-02-20 07:44:30,1.0,1
1419196,0000-FCFB-0ABF-1388,1,237.9,7.649,1782.5,0.98,50.1,265.03,2026-02-20 07:44:31.000,2026-02-20 07:44:36.123,2026-02-20 07:44:31,1.0,1
1419199,0000-FCFB-0ABF-1388,1,237.9,7.649,1782.5,0.98,50.0,265.03,2026-02-20 07:44:32.000,2026-02-20 07:44:36.123,2026-02-20 07:44:32,1.0,1
1419202,0000-FCFB-0ABF-1388,1,237.7,7.66,1783.7,0.98,50.0,265.03,2026-02-20 07:44:33.000,2026-02-20 07:44:36.123,2026-02-20 07:44:33,1.0,1
1419205,0000-FCFB-0ABF-1388,1,237.6,7.669,1784.8,0.98,50.1,265.03,2026-02-20 07:44:34.000,2026-02-20 07:44:36.123,2026-02-20 07:44:34,1.0,1
1419208,0000-FCFB-0ABF-1388,1,237.5,7.673,1785.8,0.98,50.0,265.03,2026-02-20 07:44:35.000,2026-02-20 07:44:36.123,2026-02-20 07:44:35,1.0,1
1419256,0000-FCFB-0ABF-1388,1,237.5,7.677,1787.3,0.98,50.1,265.03,2026-02-20 07:44:36.000,2026-02-20 07:44:51.251,2026-02-20 07:44:36,1.0,1
1419259,0000-FCFB-0ABF-1388,1,237.5,7.677,1787.3,0.98,50.0,265.03,2026-02-20 07:44:37.000,2026-02-20 07:44:51.251,2026-02-20 07:44:37,1.0,1
1419262,0000-FCFB-0ABF-1388,1,237.5,7.69,1789.1,0.98,50.0,265.03,2026-02-20 07:44:38.000,2026-02-20 07:44:51.251,2026-02-20 07:44:38,1.0,1
1419265,0000-FCFB-0ABF-1388,1,237.4,7.694,1790.3,0.98,50.1,265.03,2026-02-20 07:44:39.000,2026-02-20 07:44:51.251,2026-02-20 07:44:39,1.0,1
1419268,0000-FCFB-0ABF-1388,1,237.5,7.702,1792.6,0.98,50.0,265.03,2026-02-20 07:44:40.000,2026-02-20 07:44:51.251,2026-02-20 07:44:40,1.0,1
1419271,0000-FCFB-0ABF-1388,1,237.6,7.707,1794.0,0.98,50.1,265.04,2026-02-20 07:44:41.000,2026-02-20 07:44:51.251,2026-02-20 07:44:41,1.0,1
1419274,0000-FCFB-0ABF-1388,1,237.6,7.707,1794.0,0.98,50.1,265.04,2026-02-20 07:44:42.000,2026-02-20 07:44:51.251,2026-02-20 07:44:42,1.0,1
1419277,0000-FCFB-0ABF-1388,1,237.6,7.71,1795.2,0.98,50.0,265.04,2026-02-20 07:44:43.000,2026-02-20 07:44:51.251,2026-02-20 07:44:43,1.0,1
1419280,0000-FCFB-0ABF-1388,1,237.6,7.718,1797.1,0.98,50.0,265.04,2026-02-20 07:44:44.000,2026-02-20 07:44:51.251,2026-02-20 07:44:44,1.0,1
1419283,0000-FCFB-0ABF-1388,1,237.6,7.727,1799.0,0.98,50.0,265.04,2026-02-20 07:44:45.000,2026-02-20 07:44:51.251,2026-02-20 07:44:45,1.0,1
1419286,0000-FCFB-0ABF-1388,1,237.6,7.727,1799.0,0.98,50.1,265.04,2026-02-20 07:44:46.000,2026-02-20 07:44:51.251,2026-02-20 07:44:46,1.0,1
1419289,0000-FCFB-0ABF-1388,1,237.6,7.73,1799.7,0.98,50.0,265.04,2026-02-20 07:44:47.000,2026-02-20 07:44:51.251,2026-02-20 07:44:47,1.0,1
1419292,0000-FCFB-0ABF-1388,1,237.6,7.734,1801.0,0.98,50.0,265.04,2026-02-20 07:44:48.000,2026-02-20 07:44:51.251,2026-02-20 07:44:48,1.0,1
1419295,0000-FCFB-0ABF-1388,1,237.7,7.739,1802.1,0.98,50.0,265.04,2026-02-20 07:44:49.000,2026-02-20 07:44:51.251,2026-02-20 07:44:49,1.0,1
1419298,0000-FCFB-0ABF-1388,1,237.8,7.741,1804.0,0.98,50.0,265.04,2026-02-20 07:44:50.000,2026-02-20 07:44:51.251,2026-02-20 07:44:50,1.0,1
1419346,0000-FCFB-0ABF-1388,1,237.8,7.741,1804.0,0.98,50.0,265.04,2026-02-20 07:44:51.000,2026-02-20 07:45:06.304,2026-02-20 07:44:51,1.0,1
1419349,0000-FCFB-0ABF-1388,1,237.9,7.744,1805.3,0.98,50.0,265.04,2026-02-20 07:44:52.000,2026-02-20 07:45:06.304,2026-02-20 07:44:52,1.0,1
1419352,0000-FCFB-0ABF-1388,1,237.9,7.746,1805.4,0.98,50.0,265.04,2026-02-20 07:44:53.000,2026-02-20 07:45:06.304,2026-02-20 07:44:53,1.0,1
1419355,0000-FCFB-0ABF-1388,1,237.8,7.743,1804.5,0.98,50.0,265.04,2026-02-20 07:44:54.000,2026-02-20 07:45:06.304,2026-02-20 07:44:54,1.0,1
1419358,0000-FCFB-0ABF-1388,1,237.8,7.743,1804.5,0.98,50.0,265.04,2026-02-20 07:44:55.000,2026-02-20 07:45:06.304,2026-02-20 07:44:55,1.0,1
1419361,0000-FCFB-0ABF-1388,1,237.8,7.746,1804.7,0.98,50.1,265.04,2026-02-20 07:44:56.000,2026-02-20 07:45:06.304,2026-02-20 07:44:56,1.0,1
1419364,0000-FCFB-0ABF-1388,1,237.9,7.749,1806.0,0.98,50.1,265.04,2026-02-20 07:44:57.000,2026-02-20 07:45:06.304,2026-02-20 07:44:57,1.0,1
1419367,0000-FCFB-0ABF-1388,1,237.9,7.749,1806.5,0.98,50.1,265.04,2026-02-20 07:44:58.000,2026-02-20 07:45:06.304,2026-02-20 07:44:58,1.0,1
1419370,0000-FCFB-0ABF-1388,1,238.0,7.744,1806.3,0.98,50.1,265.04,2026-02-20 07:44:59.000,2026-02-20 07:45:06.304,2026-02-20 07:44:59,1.0,1
1419373,0000-FCFB-0ABF-1388,1,238.0,7.744,1806.3,0.98,50.1,265.04,2026-02-20 07:45:00.000,2026-02-20 07:45:06.304,2026-02-20 07:45:00,1.0,1
1419376,0000-FCFB-0ABF-1388,1,238.0,7.745,1805.8,0.98,50.0,265.05,2026-02-20 07:45:01.000,2026-02-20 07:45:06.304,2026-02-20 07:45:01,1.0,1
1419379,0000-FCFB-0ABF-1388,1,238.0,7.746,1805.7,0.98,50.0,265.05,2026-02-20 07:45:02.000,2026-02-20 07:45:06.304,2026-02-20 07:45:02,1.0,1
1419382,0000-FCFB-0ABF-1388,1,238.0,7.742,1805.5,0.98,50.0,265.05,2026-02-20 07:45:03.000,2026-02-20 07:45:06.304,2026-02-20 07:45:03,1.0,1
1419385,0000-FCFB-0ABF-1388,1,238.0,7.742,1805.5,0.98,50.0,265.05,2026-02-20 07:45:04.000,2026-02-20 07:45:06.304,2026-02-20 07:45:04,1.0,1
1419388,0000-FCFB-0ABF-1388,1,238.0,7.747,1805.5,0.98,50.0,265.05,2026-02-20 07:45:05.000,2026-02-20 07:45:06.304,2026-02-20 07:45:05,1.0,1
1419436,0000-FCFB-0ABF-1388,1,238.0,7.748,1806.3,0.98,50.0,265.05,2026-02-20 07:45:06.000,2026-02-20 07:45:24.893,2026-02-20 07:45:06,1.0,1
1419439,0000-FCFB-0ABF-1388,1,238.1,7.746,1806.3,0.98,50.0,265.05,2026-02-20 07:45:07.000,2026-02-20 07:45:24.893,2026-02-20 07:45:07,1.0,1
1419442,0000-FCFB-0ABF-1388,1,238.0,7.744,1805.9,0.98,50.0,265.05,2026-02-20 07:45:08.000,2026-02-20 07:45:24.893,2026-02-20 07:45:08,1.0,1
1419445,0000-FCFB-0ABF-1388,1,238.0,7.744,1805.9,0.98,50.0,265.05,2026-02-20 07:45:09.000,2026-02-20 07:45:24.893,2026-02-20 07:45:09,1.0,1
1419448,0000-FCFB-0ABF-1388,1,238.0,7.745,1805.6,0.98,50.0,265.05,2026-02-20 07:45:10.000,2026-02-20 07:45:24.893,2026-02-20 07:45:10,1.0,1
1419451,0000-FCFB-0ABF-1388,1,237.9,7.743,1805.4,0.98,50.0,265.05,2026-02-20 07:45:11.000,2026-02-20 07:45:24.893,2026-02-20 07:45:11,1.0,1
1419454,0000-FCFB-0ABF-1388,1,237.9,7.742,1805.1,0.98,50.0,265.05,2026-02-20 07:45:12.000,2026-02-20 07:45:24.893,2026-02-20 07:45:12,1.0,1
1419457,0000-FCFB-0ABF-1388,1,238.0,7.748,1806.1,0.98,50.0,265.05,2026-02-20 07:45:13.000,2026-02-20 07:45:24.893,2026-02-20 07:45:13,1.0,1
1419460,0000-FCFB-0ABF-1388,1,238.0,7.748,1806.1,0.98,50.0,265.05,2026-02-20 07:45:14.000,2026-02-20 07:45:24.893,2026-02-20 07:45:14,1.0,1
1419463,0000-FCFB-0ABF-1388,1,238.0,7.748,1806.6,0.98,50.0,265.05,2026-02-20 07:45:15.000,2026-02-20 07:45:24.893,2026-02-20 07:45:15,1.0,1
1419466,0000-FCFB-0ABF-1388,1,238.0,7.757,1808.3,0.98,50.0,265.05,2026-02-20 07:45:16.000,2026-02-20 07:45:24.893,2026-02-20 07:45:16,1.0,1
1419469,0000-FCFB-0ABF-1388,1,238.0,7.769,1811.2,0.98,50.0,265.05,2026-02-20 07:45:17.000,2026-02-20 07:45:24.893,2026-02-20 07:45:17,1.0,1
1419472,0000-FCFB-0ABF-1388,1,237.9,7.769,1811.2,0.98,50.0,265.05,2026-02-20 07:45:18.000,2026-02-20 07:45:24.893,2026-02-20 07:45:18,1.0,1
1419475,0000-FCFB-0ABF-1388,1,237.9,7.769,1811.2,0.98,50.0,265.05,2026-02-20 07:45:19.000,2026-02-20 07:45:24.893,2026-02-20 07:45:19,1.0,1
1419478,0000-FCFB-0ABF-1388,1,237.8,7.776,1812.1,0.98,50.0,265.05,2026-02-20 07:45:20.000,2026-02-20 07:45:24.893,2026-02-20 07:45:20,1.0,1
1419523,0000-FCFB-0ABF-1388,1,237.8,7.776,1812.6,0.98,50.0,265.06,2026-02-20 07:45:25.000,2026-02-20 07:45:36.275,2026-02-20 07:45:25,5.0,1
1419526,0000-FCFB-0ABF-1388,1,237.8,7.776,1812.6,0.98,50.0,265.06,2026-02-20 07:45:26.000,2026-02-20 07:45:36.275,2026-02-20 07:45:26,1.0,1
1419529,0000-FCFB-0ABF-1388,1,237.8,7.781,1812.9,0.98,50.1,265.06,2026-02-20 07:45:27.000,2026-02-20 07:45:36.275,2026-02-20 07:45:27,1.0,1
1419532,0000-FCFB-0ABF-1388,1,237.8,7.786,1814.2,0.98,50.0,265.06,2026-02-20 07:45:28.000,2026-02-20 07:45:36.275,2026-02-20 07:45:28,1.0,1
1419535,0000-FCFB-0ABF-1388,1,237.8,7.794,1816.4,0.98,50.0,265.06,2026-02-20 07:45:29.000,2026-02-20 07:45:36.275,2026-02-20 07:45:29,1.0,1
1419538,0000-FCFB-0ABF-1388,1,238.0,7.795,1818.1,0.98,50.0,265.06,2026-02-20 07:45:30.000,2026-02-20 07:45:36.275,2026-02-20 07:45:30,1.0,1
1419541,0000-FCFB-0ABF-1388,1,238.0,7.795,1818.1,0.98,50.0,265.06,2026-02-20 07:45:31.000,2026-02-20 07:45:36.275,2026-02-20 07:45:31,1.0,1
1419544,0000-FCFB-0ABF-1388,1,237.9,7.795,1817.2,0.98,50.0,265.06,2026-02-20 07:45:32.000,2026-02-20 07:45:36.275,2026-02-20 07:45:32,1.0,1
1419547,0000-FCFB-0ABF-1388,1,237.8,7.804,1818.4,0.98,50.1,265.06,2026-02-20 07:45:33.000,2026-02-20 07:45:36.275,2026-02-20 07:45:33,1.0,1
1419550,0000-FCFB-0ABF-1388,1,238.0,7.798,1818.9,0.98,50.1,265.06,2026-02-20 07:45:34.000,2026-02-20 07:45:36.275,2026-02-20 07:45:34,1.0,1
1419553,0000-FCFB-0ABF-1388,1,238.0,7.798,1818.9,0.98,50.1,265.06,2026-02-20 07:45:35.000,2026-02-20 07:45:36.275,2026-02-20 07:45:35,1.0,1
1419601,0000-FCFB-0ABF-1388,1,238.0,7.799,1819.1,0.98,50.0,265.06,2026-02-20 07:45:36.000,2026-02-20 07:45:51.283,2026-02-20 07:45:36,1.0,1
1419604,0000-FCFB-0ABF-1388,1,237.8,7.807,1819.1,0.98,50.0,265.06,2026-02-20 07:45:37.000,2026-02-20 07:45:51.283,2026-02-20 07:45:37,1.0,1
1419607,0000-FCFB-0ABF-1388,1,237.8,7.812,1819.9,0.98,50.0,265.06,2026-02-20 07:45:38.000,2026-02-20 07:45:51.283,2026-02-20 07:45:38,1.0,1
1419610,0000-FCFB-0ABF-1388,1,237.8,7.81,1820.5,0.98,50.0,265.06,2026-02-20 07:45:39.000,2026-02-20 07:45:51.283,2026-02-20 07:45:39,1.0,1
1419613,0000-FCFB-0ABF-1388,1,237.9,7.806,1820.2,0.98,50.0,265.06,2026-02-20 07:45:40.000,2026-02-20 07:45:51.283,2026-02-20 07:45:40,1.0,1
1419616,0000-FCFB-0ABF-1388,1,237.9,7.806,1820.2,0.98,50.0,265.07,2026-02-20 07:45:41.000,2026-02-20 07:45:51.283,2026-02-20 07:45:41,1.0,1
1419619,0000-FCFB-0ABF-1388,1,237.8,7.811,1820.7,0.98,50.0,265.07,2026-02-20 07:45:42.000,2026-02-20 07:45:51.283,2026-02-20 07:45:42,1.0,1
1419622,0000-FCFB-0ABF-1388,1,237.9,7.807,1820.6,0.98,50.0,265.07,2026-02-20 07:45:43.000,2026-02-20 07:45:51.283,2026-02-20 07:45:43,1.0,1
1419625,0000-FCFB-0ABF-1388,1,237.8,7.813,1821.4,0.98,50.0,265.07,2026-02-20 07:45:44.000,2026-02-20 07:45:51.283,2026-02-20 07:45:44,1.0,1
1419628,0000-FCFB-0ABF-1388,1,237.9,7.821,1823.1,0.98,50.0,265.07,2026-02-20 07:45:45.000,2026-02-20 07:45:51.283,2026-02-20 07:45:45,1.0,1
1419631,0000-FCFB-0ABF-1388,1,237.9,7.821,1823.1,0.98,50.0,265.07,2026-02-20 07:45:46.000,2026-02-20 07:45:51.283,2026-02-20 07:45:46,1.0,1
1419634,0000-FCFB-0ABF-1388,1,238.9,7.811,1827.4,0.98,50.1,265.07,2026-02-20 07:45:47.000,2026-02-20 07:45:51.283,2026-02-20 07:45:47,1.0,1
1419637,0000-FCFB-0ABF-1388,1,238.3,7.807,1823.6,0.98,50.0,265.07,2026-02-20 07:45:48.000,2026-02-20 07:45:51.283,2026-02-20 07:45:48,1.0,1
1419640,0000-FCFB-0ABF-1388,1,238.0,7.814,1822.2,0.98,50.0,265.07,2026-02-20 07:45:49.000,2026-02-20 07:45:51.283,2026-02-20 07:45:49,1.0,1
1419643,0000-FCFB-0ABF-1388,1,238.0,7.814,1822.2,0.98,50.0,265.07,2026-02-20 07:45:50.000,2026-02-20 07:45:51.283,2026-02-20 07:45:50,1.0,1
1419646,0000-FCFB-0ABF-1388,1,237.6,7.82,1820.2,0.98,50.1,265.07,2026-02-20 07:45:51.000,2026-02-20 07:46:06.325,2026-02-20 07:45:51,1.0,1
1419649,0000-FCFB-0ABF-1388,1,237.9,7.818,1822.8,0.98,50.0,265.07,2026-02-20 07:45:52.000,2026-02-20 07:46:06.325,2026-02-20 07:45:52,1.0,1
1419652,0000-FCFB-0ABF-1388,1,237.9,7.814,1822.1,0.98,50.0,265.07,2026-02-20 07:45:53.000,2026-02-20 07:46:06.325,2026-02-20 07:45:53,1.0,1
1419655,0000-FCFB-0ABF-1388,1,237.8,7.819,1822.5,0.98,50.0,265.07,2026-02-20 07:45:54.000,2026-02-20 07:46:06.325,2026-02-20 07:45:54,1.0,1
1419658,0000-FCFB-0ABF-1388,1,237.8,7.819,1822.5,0.98,50.1,265.07,2026-02-20 07:45:55.000,2026-02-20 07:46:06.325,2026-02-20 07:45:55,1.0,1
1419661,0000-FCFB-0ABF-1388,1,238.0,7.813,1822.8,0.98,50.1,265.07,2026-02-20 07:45:56.000,2026-02-20 07:46:06.325,2026-02-20 07:45:56,1.0,1
1419664,0000-FCFB-0ABF-1388,1,237.9,7.817,1822.9,0.98,50.0,265.07,2026-02-20 07:45:57.000,2026-02-20 07:46:06.325,2026-02-20 07:45:57,1.0,1
1419667,0000-FCFB-0ABF-1388,1,238.0,7.817,1822.9,0.98,50.0,265.07,2026-02-20 07:45:58.000,2026-02-20 07:46:06.325,2026-02-20 07:45:58,1.0,1
1419670,0000-FCFB-0ABF-1388,1,238.0,7.817,1822.9,0.98,50.0,265.07,2026-02-20 07:45:59.000,2026-02-20 07:46:06.325,2026-02-20 07:45:59,1.0,1
1419673,0000-FCFB-0ABF-1388,1,238.0,7.819,1823.5,0.98,50.0,265.08,2026-02-20 07:46:00.000,2026-02-20 07:46:06.325,2026-02-20 07:46:00,1.0,1
1419676,0000-FCFB-0ABF-1388,1,237.9,7.817,1823.4,0.98,50.0,265.08,2026-02-20 07:46:01.000,2026-02-20 07:46:06.325,2026-02-20 07:46:01,1.0,1
1419679,0000-FCFB-0ABF-1388,1,238.0,7.82,1823.7,0.98,50.0,265.08,2026-02-20 07:46:02.000,2026-02-20 07:46:06.325,2026-02-20 07:46:02,1.0,1
1419682,0000-FCFB-0ABF-1388,1,238.0,7.824,1824.9,0.98,50.0,265.08,2026-02-20 07:46:03.000,2026-02-20 07:46:06.325,2026-02-20 07:46:03,1.0,1
1419685,0000-FCFB-0ABF-1388,1,238.0,7.824,1824.9,0.98,50.0,265.08,2026-02-20 07:46:04.000,2026-02-20 07:46:06.325,2026-02-20 07:46:04,1.0,1
1419688,0000-FCFB-0ABF-1388,1,237.9,7.835,1826.8,0.98,50.0,265.08,2026-02-20 07:46:05.000,2026-02-20 07:46:06.325,2026-02-20 07:46:05,1.0,1
1419736,0000-FCFB-0ABF-1388,1,237.9,7.833,1826.8,0.98,50.0,265.08,2026-02-20 07:46:06.000,2026-02-20 07:46:21.309,2026-02-20 07:46:06,1.0,1
1419739,0000-FCFB-0ABF-1388,1,237.9,7.833,1826.5,0.98,50.0,265.08,2026-02-20 07:46:07.000,2026-02-20 07:46:21.309,2026-02-20 07:46:07,1.0,1
1419742,0000-FCFB-0ABF-1388,1,237.9,7.83,1826.3,0.98,50.0,265.08,2026-02-20 07:46:08.000,2026-02-20 07:46:21.309,2026-02-20 07:46:08,1.0,1
1419745,0000-FCFB-0ABF-1388,1,237.9,7.83,1826.3,0.98,50.0,265.08,2026-02-20 07:46:09.000,2026-02-20 07:46:21.309,2026-02-20 07:46:09,1.0,1
1419748,0000-FCFB-0ABF-1388,1,237.9,7.83,1826.0,0.98,50.0,265.08,2026-02-20 07:46:10.000,2026-02-20 07:46:21.309,2026-02-20 07:46:10,1.0,1
1419751,0000-FCFB-0ABF-1388,1,238.0,7.83,1826.8,0.98,50.0,265.08,2026-02-20 07:46:11.000,2026-02-20 07:46:21.309,2026-02-20 07:46:11,1.0,1
1419754,0000-FCFB-0ABF-1388,1,237.9,7.832,1826.4,0.98,50.0,265.08,2026-02-20 07:46:12.000,2026-02-20 07:46:21.309,2026-02-20 07:46:12,1.0,1
1419757,0000-FCFB-0ABF-1388,1,237.9,7.834,1826.8,0.98,50.1,265.08,2026-02-20 07:46:13.000,2026-02-20 07:46:21.309,2026-02-20 07:46:13,1.0,1
1419760,0000-FCFB-0ABF-1388,1,237.9,7.834,1826.8,0.98,50.0,265.08,2026-02-20 07:46:14.000,2026-02-20 07:46:21.309,2026-02-20 07:46:14,1.0,1
1419763,0000-FCFB-0ABF-1388,1,237.8,7.839,1827.4,0.98,50.0,265.08,2026-02-20 07:46:15.000,2026-02-20 07:46:21.309,2026-02-20 07:46:15,1.0,1
1419766,0000-FCFB-0ABF-1388,1,237.7,7.84,1827.5,0.98,50.1,265.08,2026-02-20 07:46:16.000,2026-02-20 07:46:21.309,2026-02-20 07:46:16,1.0,1
1419769,0000-FCFB-0ABF-1388,1,237.7,7.845,1828.1,0.98,50.0,265.08,2026-02-20 07:46:17.000,2026-02-20 07:46:21.309,2026-02-20 07:46:17,1.0,1
1419772,0000-FCFB-0ABF-1388,1,237.7,7.845,1828.1,0.98,50.0,265.08,2026-02-20 07:46:18.000,2026-02-20 07:46:21.309,2026-02-20 07:46:18,1.0,1
1419775,0000-FCFB-0ABF-1388,1,237.8,7.84,1828.2,0.98,50.0,265.08,2026-02-20 07:46:19.000,2026-02-20 07:46:21.309,2026-02-20 07:46:19,1.0,1
1419778,0000-FCFB-0ABF-1388,1,237.9,7.842,1828.7,0.98,50.0,265.09,2026-02-20 07:46:20.000,2026-02-20 07:46:21.309,2026-02-20 07:46:20,1.0,1
1419826,0000-FCFB-0ABF-1388,1,237.8,7.842,1828.1,0.98,50.0,265.09,2026-02-20 07:46:21.000,2026-02-20 07:46:36.357,2026-02-20 07:46:21,1.0,1
1419829,0000-FCFB-0ABF-1388,1,237.8,7.842,1828.1,0.98,50.0,265.09,2026-02-20 07:46:22.000,2026-02-20 07:46:36.357,2026-02-20 07:46:22,1.0,1
1419832,0000-FCFB-0ABF-1388,1,237.8,7.843,1828.6,0.98,50.0,265.09,2026-02-20 07:46:23.000,2026-02-20 07:46:36.357,2026-02-20 07:46:23,1.0,1
1419835,0000-FCFB-0ABF-1388,1,237.6,7.848,1827.9,0.98,50.0,265.09,2026-02-20 07:46:24.000,2026-02-20 07:46:36.357,2026-02-20 07:46:24,1.0,1
1419838,0000-FCFB-0ABF-1388,1,238.0,7.84,1828.9,0.98,50.0,265.09,2026-02-20 07:46:25.000,2026-02-20 07:46:36.357,2026-02-20 07:46:25,1.0,1
1419841,0000-FCFB-0ABF-1388,1,238.1,7.84,1829.6,0.98,50.0,265.09,2026-02-20 07:46:26.000,2026-02-20 07:46:36.357,2026-02-20 07:46:26,1.0,1
1419844,0000-FCFB-0ABF-1388,1,238.1,7.84,1829.6,0.98,50.0,265.09,2026-02-20 07:46:27.000,2026-02-20 07:46:36.357,2026-02-20 07:46:27,1.0,1
1419847,0000-FCFB-0ABF-1388,1,238.0,7.847,1830.1,0.98,50.0,265.09,2026-02-20 07:46:28.000,2026-02-20 07:46:36.357,2026-02-20 07:46:28,1.0,1
1419850,0000-FCFB-0ABF-1388,1,238.0,7.849,1830.9,0.98,50.0,265.09,2026-02-20 07:46:29.000,2026-02-20 07:46:36.357,2026-02-20 07:46:29,1.0,1
1419853,0000-FCFB-0ABF-1388,1,238.0,7.849,1831.0,0.98,50.0,265.09,2026-02-20 07:46:30.000,2026-02-20 07:46:36.357,2026-02-20 07:46:30,1.0,1
1419856,0000-FCFB-0ABF-1388,1,238.0,7.849,1831.0,0.98,50.0,265.09,2026-02-20 07:46:31.000,2026-02-20 07:46:36.357,2026-02-20 07:46:31,1.0,1
1419859,0000-FCFB-0ABF-1388,1,237.9,7.846,1830.1,0.98,50.0,265.09,2026-02-20 07:46:32.000,2026-02-20 07:46:36.357,2026-02-20 07:46:32,1.0,1
1419862,0000-FCFB-0ABF-1388,1,237.7,7.856,1830.4,0.98,50.0,265.09,2026-02-20 07:46:33.000,2026-02-20 07:46:36.357,2026-02-20 07:46:33,1.0,1
1419865,0000-FCFB-0ABF-1388,1,237.8,7.855,1831.5,0.98,50.0,265.09,2026-02-20 07:46:34.000,2026-02-20 07:46:36.357,2026-02-20 07:46:34,1.0,1
1419868,0000-FCFB-0ABF-1388,1,238.0,7.85,1832.0,0.98,50.0,265.09,2026-02-20 07:46:35.000,2026-02-20 07:46:36.357,2026-02-20 07:46:35,1.0,1
1419916,0000-FCFB-0ABF-1388,1,237.4,7.86,1830.6,0.98,50.0,265.09,2026-02-20 07:46:36.000,2026-02-20 07:46:51.366,2026-02-20 07:46:36,1.0,1
1419919,0000-FCFB-0ABF-1388,1,237.4,7.86,1830.6,0.98,50.0,265.09,2026-02-20 07:46:37.000,2026-02-20 07:46:51.366,2026-02-20 07:46:37,1.0,1
1419922,0000-FCFB-0ABF-1388,1,237.5,7.864,1830.9,0.98,50.0,265.09,2026-02-20 07:46:38.000,2026-02-20 07:46:51.366,2026-02-20 07:46:38,1.0,1
1419925,0000-FCFB-0ABF-1388,1,237.4,7.865,1831.4,0.98,50.0,265.09,2026-02-20 07:46:39.000,2026-02-20 07:46:51.366,2026-02-20 07:46:39,1.0,1
1419928,0000-FCFB-0ABF-1388,1,237.5,7.861,1831.4,0.98,50.0,265.1,2026-02-20 07:46:40.000,2026-02-20 07:46:51.366,2026-02-20 07:46:40,1.0,1
1419931,0000-FCFB-0ABF-1388,1,237.5,7.861,1831.4,0.98,50.0,265.1,2026-02-20 07:46:41.000,2026-02-20 07:46:51.366,2026-02-20 07:46:41,1.0,1
1419934,0000-FCFB-0ABF-1388,1,237.4,7.87,1832.9,0.98,50.0,265.1,2026-02-20 07:46:42.000,2026-02-20 07:46:51.366,2026-02-20 07:46:42,1.0,1
1419937,0000-FCFB-0ABF-1388,1,237.4,7.874,1833.3,0.98,50.0,265.1,2026-02-20 07:46:43.000,2026-02-20 07:46:51.366,2026-02-20 07:46:43,1.0,1
1419940,0000-FCFB-0ABF-1388,1,237.4,7.876,1833.4,0.98,50.0,265.1,2026-02-20 07:46:44.000,2026-02-20 07:46:51.366,2026-02-20 07:46:44,1.0,1
1419943,0000-FCFB-0ABF-1388,1,237.4,7.869,1833.0,0.98,50.0,265.1,2026-02-20 07:46:45.000,2026-02-20 07:46:51.366,2026-02-20 07:46:45,1.0,1
1419946,0000-FCFB-0ABF-1388,1,237.4,7.869,1833.0,0.98,50.0,265.1,2026-02-20 07:46:46.000,2026-02-20 07:46:51.366,2026-02-20 07:46:46,1.0,1
1419949,0000-FCFB-0ABF-1388,1,237.4,7.87,1832.6,0.98,50.0,265.1,2026-02-20 07:46:47.000,2026-02-20 07:46:51.366,2026-02-20 07:46:47,1.0,1
1419952,0000-FCFB-0ABF-1388,1,237.4,7.871,1832.9,0.98,50.0,265.1,2026-02-20 07:46:48.000,2026-02-20 07:46:51.366,2026-02-20 07:46:48,1.0,1
1419955,0000-FCFB-0ABF-1388,1,237.4,7.872,1833.0,0.98,50.0,265.1,2026-02-20 07:46:49.000,2026-02-20 07:46:51.366,2026-02-20 07:46:49,1.0,1
1419958,0000-FCFB-0ABF-1388,1,237.4,7.872,1833.0,0.98,50.0,265.1,2026-02-20 07:46:50.000,2026-02-20 07:46:51.366,2026-02-20 07:46:50,1.0,1
1420003,0000-FCFB-0ABF-1388,1,237.5,7.867,1833.4,0.98,50.0,265.1,2026-02-20 07:46:51.000,2026-02-20 07:47:06.392,2026-02-20 07:46:51,1.0,1
1420006,0000-FCFB-0ABF-1388,1,237.5,7.872,1833.7,0.98,50.0,265.1,2026-02-20 07:46:52.000,2026-02-20 07:47:06.392,2026-02-20 07:46:52,1.0,1
1420009,0000-FCFB-0ABF-1388,1,237.4,7.871,1832.9,0.98,50.0,265.1,2026-02-20 07:46:53.000,2026-02-20 07:47:06.392,2026-02-20 07:46:53,1.0,1
1420012,0000-FCFB-0ABF-1388,1,237.4,7.872,1833.5,0.98,50.0,265.1,2026-02-20 07:46:54.000,2026-02-20 07:47:06.392,2026-02-20 07:46:54,1.0,1
1420015,0000-FCFB-0ABF-1388,1,237.4,7.872,1833.5,0.98,50.0,265.1,2026-02-20 07:46:55.000,2026-02-20 07:47:06.392,2026-02-20 07:46:55,1.0,1
1420018,0000-FCFB-0ABF-1388,1,237.5,7.869,1833.8,0.98,50.0,265.1,2026-02-20 07:46:56.000,2026-02-20 07:47:06.392,2026-02-20 07:46:56,1.0,1
1420021,0000-FCFB-0ABF-1388,1,237.5,7.872,1833.4,0.98,50.0,265.1,2026-02-20 07:46:57.000,2026-02-20 07:47:06.392,2026-02-20 07:46:57,1.0,1
1420024,0000-FCFB-0ABF-1388,1,237.5,7.873,1833.9,0.98,50.0,265.1,2026-02-20 07:46:58.000,2026-02-20 07:47:06.392,2026-02-20 07:46:58,1.0,1
1420027,0000-FCFB-0ABF-1388,1,237.5,7.873,1833.9,0.98,50.0,265.11,2026-02-20 07:46:59.000,2026-02-20 07:47:06.392,2026-02-20 07:46:59,1.0,1
1420030,0000-FCFB-0ABF-1388,1,237.5,7.878,1834.9,0.98,50.0,265.11,2026-02-20 07:47:00.000,2026-02-20 07:47:06.392,2026-02-20 07:47:00,1.0,1
1420033,0000-FCFB-0ABF-1388,1,237.4,7.874,1834.4,0.98,50.0,265.11,2026-02-20 07:47:01.000,2026-02-20 07:47:06.392,2026-02-20 07:47:01,1.0,1
1420036,0000-FCFB-0ABF-1388,1,237.4,7.876,1834.4,0.98,50.0,265.11,2026-02-20 07:47:02.000,2026-02-20 07:47:06.392,2026-02-20 07:47:02,1.0,1
1420039,0000-FCFB-0ABF-1388,1,237.5,7.877,1835.2,0.98,50.0,265.11,2026-02-20 07:47:03.000,2026-02-20 07:47:06.392,2026-02-20 07:47:03,1.0,1
1420042,0000-FCFB-0ABF-1388,1,237.5,7.877,1835.2,0.98,50.0,265.11,2026-02-20 07:47:04.000,2026-02-20 07:47:06.392,2026-02-20 07:47:04,1.0,1
1420045,0000-FCFB-0ABF-1388,1,237.1,7.884,1833.7,0.98,50.0,265.11,2026-02-20 07:47:05.000,2026-02-20 07:47:06.392,2026-02-20 07:47:05,1.0,1
1420093,0000-FCFB-0ABF-1388,1,237.3,7.879,1835.2,0.98,50.0,265.11,2026-02-20 07:47:06.000,2026-02-20 07:47:21.443,2026-02-20 07:47:06,1.0,1
1420096,0000-FCFB-0ABF-1388,1,237.5,7.879,1835.5,0.98,50.0,265.11,2026-02-20 07:47:07.000,2026-02-20 07:47:21.443,2026-02-20 07:47:07,1.0,1
1420099,0000-FCFB-0ABF-1388,1,237.5,7.879,1835.4,0.98,50.0,265.11,2026-02-20 07:47:08.000,2026-02-20 07:47:21.443,2026-02-20 07:47:08,1.0,1
1420102,0000-FCFB-0ABF-1388,1,237.5,7.879,1835.4,0.98,50.0,265.11,2026-02-20 07:47:09.000,2026-02-20 07:47:21.443,2026-02-20 07:47:09,1.0,1
1420105,0000-FCFB-0ABF-1388,1,237.4,7.883,1835.8,0.98,50.0,265.11,2026-02-20 07:47:10.000,2026-02-20 07:47:21.443,2026-02-20 07:47:10,1.0,1
1420108,0000-FCFB-0ABF-1388,1,237.4,7.89,1837.7,0.98,50.0,265.11,2026-02-20 07:47:11.000,2026-02-20 07:47:21.443,2026-02-20 07:47:11,1.0,1
1420111,0000-FCFB-0ABF-1388,1,237.4,7.888,1836.6,0.98,50.0,265.11,2026-02-20 07:47:12.000,2026-02-20 07:47:21.443,2026-02-20 07:47:12,1.0,1
1420114,0000-FCFB-0ABF-1388,1,237.4,7.888,1836.6,0.98,50.0,265.11,2026-02-20 07:47:13.000,2026-02-20 07:47:21.443,2026-02-20 07:47:13,1.0,1
1420117,0000-FCFB-0ABF-1388,1,237.4,7.885,1835.7,0.98,50.0,265.11,2026-02-20 07:47:14.000,2026-02-20 07:47:21.443,2026-02-20 07:47:14,1.0,1
1420120,0000-FCFB-0ABF-1388,1,237.3,7.881,1834.9,0.98,50.0,265.11,2026-02-20 07:47:15.000,2026-02-20 07:47:21.443,2026-02-20 07:47:15,1.0,1
1420123,0000-FCFB-0ABF-1388,1,237.3,7.88,1834.7,0.98,50.0,265.11,2026-02-20 07:47:16.000,2026-02-20 07:47:21.443,2026-02-20 07:47:16,1.0,1
1420126,0000-FCFB-0ABF-1388,1,237.1,7.878,1833.3,0.98,50.0,265.11,2026-02-20 07:47:17.000,2026-02-20 07:47:21.443,2026-02-20 07:47:17,1.0,1
1420129,0000-FCFB-0ABF-1388,1,237.1,7.878,1833.3,0.98,50.0,265.11,2026-02-20 07:47:18.000,2026-02-20 07:47:21.443,2026-02-20 07:47:18,1.0,1
1420132,0000-FCFB-0ABF-1388,1,237.1,7.882,1833.6,0.98,50.0,265.12,2026-02-20 07:47:19.000,2026-02-20 07:47:21.443,2026-02-20 07:47:19,1.0,1
1420135,0000-FCFB-0ABF-1388,1,237.2,7.877,1833.0,0.98,50.0,265.12,2026-02-20 07:47:20.000,2026-02-20 07:47:21.443,2026-02-20 07:47:20,1.0,1
1420183,0000-FCFB-0ABF-1388,1,237.3,7.878,1832.8,0.98,50.0,265.12,2026-02-20 07:47:21.000,2026-02-20 07:47:36.501,2026-02-20 07:47:21,1.0,1
1420186,0000-FCFB-0ABF-1388,1,237.3,7.878,1832.8,0.98,50.0,265.12,2026-02-20 07:47:22.000,2026-02-20 07:47:36.501,2026-02-20 07:47:22,1.0,1
1420189,0000-FCFB-0ABF-1388,1,237.4,7.875,1833.7,0.98,50.0,265.12,2026-02-20 07:47:23.000,2026-02-20 07:47:36.501,2026-02-20 07:47:23,1.0,1
1420192,0000-FCFB-0ABF-1388,1,237.5,7.871,1833.2,0.98,50.0,265.12,2026-02-20 07:47:24.000,2026-02-20 07:47:36.501,2026-02-20 07:47:24,1.0,1
1420195,0000-FCFB-0ABF-1388,1,237.4,7.869,1833.0,0.98,50.0,265.12,2026-02-20 07:47:25.000,2026-02-20 07:47:36.501,2026-02-20 07:47:25,1.0,1
1420198,0000-FCFB-0ABF-1388,1,237.4,7.871,1832.8,0.98,50.0,265.12,2026-02-20 07:47:26.000,2026-02-20 07:47:36.501,2026-02-20 07:47:26,1.0,1
1420201,0000-FCFB-0ABF-1388,1,237.4,7.871,1832.8,0.98,50.0,265.12,2026-02-20 07:47:27.000,2026-02-20 07:47:36.501,2026-02-20 07:47:27,1.0,1
1420204,0000-FCFB-0ABF-1388,1,236.6,7.884,1830.0,0.98,50.0,265.12,2026-02-20 07:47:28.000,2026-02-20 07:47:36.501,2026-02-20 07:47:28,1.0,1
1420207,0000-FCFB-0ABF-1388,1,237.7,7.867,1834.2,0.98,50.0,265.12,2026-02-20 07:47:29.000,2026-02-20 07:47:36.501,2026-02-20 07:47:29,1.0,1
1420210,0000-FCFB-0ABF-1388,1,237.6,7.872,1834.4,0.98,50.0,265.12,2026-02-20 07:47:30.000,2026-02-20 07:47:36.501,2026-02-20 07:47:30,1.0,1
1420213,0000-FCFB-0ABF-1388,1,237.6,7.872,1834.4,0.98,50.0,265.12,2026-02-20 07:47:31.000,2026-02-20 07:47:36.501,2026-02-20 07:47:31,1.0,1
1420216,0000-FCFB-0ABF-1388,1,237.5,7.871,1833.3,0.98,50.0,265.12,2026-02-20 07:47:32.000,2026-02-20 07:47:36.501,2026-02-20 07:47:32,1.0,1
1420219,0000-FCFB-0ABF-1388,1,237.4,7.879,1834.2,0.98,50.0,265.12,2026-02-20 07:47:33.000,2026-02-20 07:47:36.501,2026-02-20 07:47:33,1.0,1
1420222,0000-FCFB-0ABF-1388,1,237.5,7.872,1834.3,0.98,50.0,265.12,2026-02-20 07:47:34.000,2026-02-20 07:47:36.501,2026-02-20 07:47:34,1.0,1
1420225,0000-FCFB-0ABF-1388,1,237.5,7.875,1834.3,0.98,50.0,265.12,2026-02-20 07:47:35.000,2026-02-20 07:47:36.501,2026-02-20 07:47:35,1.0,1
1420273,0000-FCFB-0ABF-1388,1,237.1,7.873,1832.1,0.98,50.0,265.12,2026-02-20 07:47:36.000,2026-02-20 07:47:51.496,2026-02-20 07:47:36,1.0,1
1420276,0000-FCFB-0ABF-1388,1,237.1,7.873,1832.1,0.98,50.0,265.12,2026-02-20 07:47:37.000,2026-02-20 07:47:51.496,2026-02-20 07:47:37,1.0,1
1420279,0000-FCFB-0ABF-1388,1,237.4,7.876,1833.4,0.98,50.0,265.12,2026-02-20 07:47:38.000,2026-02-20 07:47:51.496,2026-02-20 07:47:38,1.0,1
1420282,0000-FCFB-0ABF-1388,1,237.4,7.87,1833.4,0.98,50.0,265.13,2026-02-20 07:47:39.000,2026-02-20 07:47:51.496,2026-02-20 07:47:39,1.0,1
1420285,0000-FCFB-0ABF-1388,1,237.4,7.873,1833.0,0.98,50.0,265.13,2026-02-20 07:47:40.000,2026-02-20 07:47:51.496,2026-02-20 07:47:40,1.0,1
1420288,0000-FCFB-0ABF-1388,1,237.4,7.873,1833.0,0.98,50.0,265.13,2026-02-20 07:47:41.000,2026-02-20 07:47:51.496,2026-02-20 07:47:41,1.0,1
1420291,0000-FCFB-0ABF-1388,1,237.5,7.871,1833.2,0.98,50.0,265.13,2026-02-20 07:47:42.000,2026-02-20 07:47:51.496,2026-02-20 07:47:42,1.0,1
1420294,0000-FCFB-0ABF-1388,1,237.4,7.866,1832.0,0.98,50.0,265.13,2026-02-20 07:47:43.000,2026-02-20 07:47:51.496,2026-02-20 07:47:43,1.0,1
1420297,0000-FCFB-0ABF-1388,1,237.5,7.859,1831.3,0.98,50.0,265.13,2026-02-20 07:47:44.000,2026-02-20 07:47:51.496,2026-02-20 07:47:44,1.0,1
1420300,0000-FCFB-0ABF-1388,1,237.5,7.854,1830.5,0.98,50.0,265.13,2026-02-20 07:47:45.000,2026-02-20 07:47:51.496,2026-02-20 07:47:45,1.0,1
1420303,0000-FCFB-0ABF-1388,1,237.5,7.854,1830.5,0.98,50.0,265.13,2026-02-20 07:47:46.000,2026-02-20 07:47:51.496,2026-02-20 07:47:46,1.0,1
1420306,0000-FCFB-0ABF-1388,1,237.4,7.857,1830.0,0.98,50.0,265.13,2026-02-20 07:47:47.000,2026-02-20 07:47:51.496,2026-02-20 07:47:47,1.0,1
1420309,0000-FCFB-0ABF-1388,1,237.5,7.856,1830.0,0.98,50.0,265.13,2026-02-20 07:47:48.000,2026-02-20 07:47:51.496,2026-02-20 07:47:48,1.0,1
1420312,0000-FCFB-0ABF-1388,1,237.5,7.858,1829.9,0.98,50.0,265.13,2026-02-20 07:47:49.000,2026-02-20 07:47:51.496,2026-02-20 07:47:49,1.0,1
1420315,0000-FCFB-0ABF-1388,1,237.5,7.858,1829.9,0.98,50.0,265.13,2026-02-20 07:47:50.000,2026-02-20 07:47:51.496,2026-02-20 07:47:50,1.0,1
1420360,0000-FCFB-0ABF-1388,1,237.5,7.853,1829.6,0.98,50.0,265.13,2026-02-20 07:47:51.000,2026-02-20 07:48:06.534,2026-02-20 07:47:51,1.0,1
1420363,0000-FCFB-0ABF-1388,1,237.5,7.849,1828.8,0.98,50.0,265.13,2026-02-20 07:47:52.000,2026-02-20 07:48:06.534,2026-02-20 07:47:52,1.0,1
1420366,0000-FCFB-0ABF-1388,1,237.6,7.845,1828.6,0.98,50.0,265.13,2026-02-20 07:47:53.000,2026-02-20 07:48:06.534,2026-02-20 07:47:53,1.0,1
1420369,0000-FCFB-0ABF-1388,1,237.6,7.845,1828.6,0.98,50.0,265.13,2026-02-20 07:47:54.000,2026-02-20 07:48:06.534,2026-02-20 07:47:54,1.0,1
1420372,0000-FCFB-0ABF-1388,1,237.5,7.848,1828.8,0.98,50.0,265.13,2026-02-20 07:47:55.000,2026-02-20 07:48:06.534,2026-02-20 07:47:55,1.0,1
1420375,0000-FCFB-0ABF-1388,1,237.7,7.844,1828.7,0.98,50.0,265.13,2026-02-20 07:47:56.000,2026-02-20 07:48:06.534,2026-02-20 07:47:56,1.0,1
1420378,0000-FCFB-0ABF-1388,1,237.6,7.846,1828.4,0.98,50.0,265.13,2026-02-20 07:47:57.000,2026-02-20 07:48:06.534,2026-02-20 07:47:57,1.0,1
1420381,0000-FCFB-0ABF-1388,1,237.4,7.852,1828.0,0.98,50.0,265.14,2026-02-20 07:47:58.000,2026-02-20 07:48:06.534,2026-02-20 07:47:58,1.0,1
1420384,0000-FCFB-0ABF-1388,1,237.4,7.852,1828.0,0.98,50.0,265.14,2026-02-20 07:47:59.000,2026-02-20 07:48:06.534,2026-02-20 07:47:59,1.0,1
1420387,0000-FCFB-0ABF-1388,1,237.5,7.846,1827.9,0.98,50.0,265.14,2026-02-20 07:48:00.000,2026-02-20 07:48:06.534,2026-02-20 07:48:00,1.0,1
1420390,0000-FCFB-0ABF-1388,1,237.5,7.849,1828.5,0.98,50.0,265.14,2026-02-20 07:48:01.000,2026-02-20 07:48:06.534,2026-02-20 07:48:01,1.0,1
1420393,0000-FCFB-0ABF-1388,1,237.6,7.849,1829.5,0.98,50.0,265.14,2026-02-20 07:48:02.000,2026-02-20 07:48:06.534,2026-02-20 07:48:02,1.0,1
1420396,0000-FCFB-0ABF-1388,1,237.5,7.852,1829.0,0.98,50.0,265.14,2026-02-20 07:48:03.000,2026-02-20 07:48:06.534,2026-02-20 07:48:03,1.0,1
1420399,0000-FCFB-0ABF-1388,1,237.5,7.852,1829.0,0.98,50.0,265.14,2026-02-20 07:48:04.000,2026-02-20 07:48:06.534,2026-02-20 07:48:04,1.0,1
1420402,0000-FCFB-0ABF-1388,1,237.6,7.852,1830.1,0.98,50.0,265.14,2026-02-20 07:48:05.000,2026-02-20 07:48:06.534,2026-02-20 07:48:05,1.0,1
1420438,0000-FCFB-0ABF-1388,1,237.9,9.095,2092.3,0.97,50.0,265.14,2026-02-20 07:48:06.000,2026-02-20 07:48:22.094,2026-02-20 07:48:06,1.0,0
1420441,0000-FCFB-0ABF-1388,1,237.0,13.531,3186.2,0.99,50.0,265.14,2026-02-20 07:48:07.000,2026-02-20 07:48:22.094,2026-02-20 07:48:07,1.0,0
1420444,0000-FCFB-0ABF-1388,1,236.3,13.515,3174.1,0.99,50.0,265.14,2026-02-20 07:48:08.000,2026-02-20 07:48:22.094,2026-02-20 07:48:08,1.0,0
1420447,0000-FCFB-0ABF-1388,1,236.3,13.515,3174.1,0.99,50.0,265.14,2026-02-20 07:48:09.000,2026-02-20 07:48:22.094,2026-02-20 07:48:09,1.0,0
1420450,0000-FCFB-0ABF-1388,1,236.5,13.499,3172.7,0.99,50.0,265.14,2026-02-20 07:48:10.000,2026-02-20 07:48:22.094,2026-02-20 07:48:10,1.0,0
1420453,0000-FCFB-0ABF-1388,1,236.5,13.479,3168.0,0.99,50.0,265.14,2026-02-20 07:48:11.000,2026-02-20 07:48:22.094,2026-02-20 07:48:11,1.0,0
1420456,0000-FCFB-0ABF-1388,1,236.5,13.469,3165.7,0.99,50.0,265.14,2026-02-20 07:48:12.000,2026-02-20 07:48:22.094,2026-02-20 07:48:12,1.0,0
1420459,0000-FCFB-0ABF-1388,1,236.5,13.469,3165.7,0.99,50.0,265.15,2026-02-20 07:48:13.000,2026-02-20 07:48:22.094,2026-02-20 07:48:13,1.0,0
1420462,0000-FCFB-0ABF-1388,1,236.4,13.456,3162.0,0.99,50.0,265.15,2026-02-20 07:48:14.000,2026-02-20 07:48:22.094,2026-02-20 07:48:14,1.0,0
1420465,0000-FCFB-0ABF-1388,1,236.3,13.452,3159.2,0.99,50.0,265.15,2026-02-20 07:48:15.000,2026-02-20 07:48:22.094,2026-02-20 07:48:15,1.0,0
1420468,0000-FCFB-0ABF-1388,1,236.4,13.449,3158.9,0.99,50.0,265.15,2026-02-20 07:48:16.000,2026-02-20 07:48:22.094,2026-02-20 07:48:16,1.0,0
1420471,0000-FCFB-0ABF-1388,1,236.3,13.443,3157.6,0.99,50.0,265.15,2026-02-20 07:48:17.000,2026-02-20 07:48:22.094,2026-02-20 07:48:17,1.0,0
1420474,0000-FCFB-0ABF-1388,1,236.3,13.443,3157.6,0.99,50.0,265.15,2026-02-20 07:48:18.000,2026-02-20 07:48:22.094,2026-02-20 07:48:18,1.0,0
1420477,0000-FCFB-0ABF-1388,1,236.4,13.436,3156.3,0.99,50.0,265.15,2026-02-20 07:48:19.000,2026-02-20 07:48:22.094,2026-02-20 07:48:19,1.0,0
1420480,0000-FCFB-0ABF-1388,1,236.4,13.438,3156.3,0.99,50.0,265.15,2026-02-20 07:48:20.000,2026-02-20 07:48:22.094,2026-02-20 07:48:20,1.0,0
1420483,0000-FCFB-0ABF-1388,1,236.3,13.442,3156.7,0.99,50.0,265.15,2026-02-20 07:48:22.000,2026-02-20 07:48:36.558,2026-02-20 07:48:22,2.0,0
1420486,0000-FCFB-0ABF-1388,1,236.4,13.44,3157.4,0.99,50.0,265.15,2026-02-20 07:48:23.000,2026-02-20 07:48:36.558,2026-02-20 07:48:23,1.0,0
1420489,0000-FCFB-0ABF-1388,1,236.4,13.434,3157.0,0.99,50.0,265.15,2026-02-20 07:48:24.000,2026-02-20 07:48:36.558,2026-02-20 07:48:24,1.0,0
1420492,0000-FCFB-0ABF-1388,1,236.4,13.434,3157.0,0.99,50.0,265.16,2026-02-20 07:48:25.000,2026-02-20 07:48:36.558,2026-02-20 07:48:25,1.0,0
1420495,0000-FCFB-0ABF-1388,1,236.3,13.429,3154.0,0.99,50.0,265.16,2026-02-20 07:48:26.000,2026-02-20 07:48:36.558,2026-02-20 07:48:26,1.0,0
1420498,0000-FCFB-0ABF-1388,1,236.3,13.426,3153.0,0.99,50.0,265.16,2026-02-20 07:48:27.000,2026-02-20 07:48:36.558,2026-02-20 07:48:27,1.0,0
1420501,0000-FCFB-0ABF-1388,1,236.2,13.43,3152.7,0.99,50.0,265.16,2026-02-20 07:48:28.000,2026-02-20 07:48:36.558,2026-02-20 07:48:28,1.0,0
1420504,0000-FCFB-0ABF-1388,1,236.4,13.429,3154.0,0.99,50.0,265.16,2026-02-20 07:48:29.000,2026-02-20 07:48:36.558,2026-02-20 07:48:29,1.0,0
1420507,0000-FCFB-0ABF-1388,1,236.4,13.429,3154.0,0.99,50.0,265.16,2026-02-20 07:48:30.000,2026-02-20 07:48:36.558,2026-02-20 07:48:30,1.0,0
1420510,0000-FCFB-0ABF-1388,1,236.6,13.43,3157.7,0.99,50.0,265.16,2026-02-20 07:48:31.000,2026-02-20 07:48:36.558,2026-02-20 07:48:31,1.0,0
1420513,0000-FCFB-0ABF-1388,1,236.6,13.428,3158.0,0.99,50.0,265.16,2026-02-20 07:48:32.000,2026-02-20 07:48:36.558,2026-02-20 07:48:32,1.0,0
1420516,0000-FCFB-0ABF-1388,1,236.6,13.433,3158.6,0.99,50.0,265.16,2026-02-20 07:48:33.000,2026-02-20 07:48:36.558,2026-02-20 07:48:33,1.0,0
1420519,0000-FCFB-0ABF-1388,1,236.6,13.433,3158.6,0.99,50.0,265.16,2026-02-20 07:48:34.000,2026-02-20 07:48:36.558,2026-02-20 07:48:34,1.0,0
1420522,0000-FCFB-0ABF-1388,1,235.9,13.427,3148.1,0.99,50.0,265.16,2026-02-20 07:48:35.000,2026-02-20 07:48:36.558,2026-02-20 07:48:35,1.0,0
1420570,0000-FCFB-0ABF-1388,1,236.3,13.437,3156.1,0.99,50.0,265.17,2026-02-20 07:48:37.000,2026-02-20 07:48:51.639,2026-02-20 07:48:37,2.0,0
1420573,0000-FCFB-0ABF-1388,1,236.3,13.437,3156.1,0.99,50.0,265.17,2026-02-20 07:48:38.000,2026-02-20 07:48:51.639,2026-02-20 07:48:38,1.0,0
1420576,0000-FCFB-0ABF-1388,1,236.4,13.437,3157.8,0.99,50.0,265.17,2026-02-20 07:48:39.000,2026-02-20 07:48:51.639,2026-02-20 07:48:39,1.0,0
1420579,0000-FCFB-0ABF-1388,1,236.4,13.442,3158.4,0.99,50.0,265.17,2026-02-20 07:48:40.000,2026-02-20 07:48:51.639,2026-02-20 07:48:40,1.0,0
1420582,0000-FCFB-0ABF-1388,1,236.5,13.442,3158.7,0.99,50.0,265.17,2026-02-20 07:48:41.000,2026-02-20 07:48:51.639,2026-02-20 07:48:41,1.0,0
1420585,0000-FCFB-0ABF-1388,1,236.5,13.442,3158.7,0.99,50.0,265.17,2026-02-20 07:48:42.000,2026-02-20 07:48:51.639,2026-02-20 07:48:42,1.0,0
1420588,0000-FCFB-0ABF-1388,1,237.5,8.518,2023.2,1.0,50.0,265.17,2026-02-20 07:48:43.000,2026-02-20 07:48:51.639,2026-02-20 07:48:43,1.0,0
1420591,0000-FCFB-0ABF-1388,1,237.6,7.868,1833.9,0.98,50.0,265.17,2026-02-20 07:48:44.000,2026-02-20 07:48:51.639,2026-02-20 07:48:44,1.0,1
1420594,0000-FCFB-0ABF-1388,1,237.6,7.868,1833.3,0.98,50.0,265.17,2026-02-20 07:48:45.000,2026-02-20 07:48:51.639,2026-02-20 07:48:45,1.0,1
1420597,0000-FCFB-0ABF-1388,1,237.6,7.868,1833.3,0.98,50.0,265.17,2026-02-20 07:48:46.000,2026-02-20 07:48:51.639,2026-02-20 07:48:46,1.0,1
1420600,0000-FCFB-0ABF-1388,1,237.5,7.868,1833.9,0.98,50.0,265.17,2026-02-20 07:48:47.000,2026-02-20 07:48:51.639,2026-02-20 07:48:47,1.0,1
1420603,0000-FCFB-0ABF-1388,1,237.6,7.87,1834.2,0.98,50.0,265.17,2026-02-20 07:48:48.000,2026-02-20 07:48:51.639,2026-02-20 07:48:48,1.0,1
1420606,0000-FCFB-0ABF-1388,1,237.6,7.871,1834.5,0.98,50.0,265.17,2026-02-20 07:48:49.000,2026-02-20 07:48:51.639,2026-02-20 07:48:49,1.0,1
1420609,0000-FCFB-0ABF-1388,1,237.6,7.874,1834.2,0.98,50.0,265.17,2026-02-20 07:48:50.000,2026-02-20 07:48:51.639,2026-02-20 07:48:50,1.0,1
1420612,0000-FCFB-0ABF-1388,1,237.6,7.874,1834.2,0.98,50.0,265.17,2026-02-20 07:48:51.000,2026-02-20 07:48:51.639,2026-02-20 07:48:51,1.0,1
1420660,0000-FCFB-0ABF-1388,1,237.6,7.874,1834.6,0.98,50.0,265.18,2026-02-20 07:48:52.000,2026-02-20 07:49:06.641,2026-02-20 07:48:52,1.0,1
1420663,0000-FCFB-0ABF-1388,1,237.6,7.869,1833.7,0.98,50.0,265.18,2026-02-20 07:48:53.000,2026-02-20 07:49:06.641,2026-02-20 07:48:53,1.0,1
1420666,0000-FCFB-0ABF-1388,1,237.6,7.868,1834.1,0.98,50.0,265.18,2026-02-20 07:48:54.000,2026-02-20 07:49:06.641,2026-02-20 07:48:54,1.0,1
1420669,0000-FCFB-0ABF-1388,1,237.6,7.868,1834.1,0.98,50.0,265.18,2026-02-20 07:48:55.000,2026-02-20 07:49:06.641,2026-02-20 07:48:55,1.0,1
1420672,0000-FCFB-0ABF-1388,1,237.7,7.866,1834.2,0.98,50.0,265.18,2026-02-20 07:48:56.000,2026-02-20 07:49:06.641,2026-02-20 07:48:56,1.0,1
1420675,0000-FCFB-0ABF-1388,1,237.7,7.862,1833.4,0.98,50.0,265.18,2026-02-20 07:48:57.000,2026-02-20 07:49:06.641,2026-02-20 07:48:57,1.0,1
1420678,0000-FCFB-0ABF-1388,1,237.6,7.86,1831.6,0.98,50.0,265.18,2026-02-20 07:48:58.000,2026-02-20 07:49:06.641,2026-02-20 07:48:58,1.0,1
1420681,0000-FCFB-0ABF-1388,1,237.6,7.856,1830.6,0.98,50.0,265.18,2026-02-20 07:48:59.000,2026-02-20 07:49:06.641,2026-02-20 07:48:59,1.0,1
1420684,0000-FCFB-0ABF-1388,1,237.6,7.856,1830.6,0.98,50.0,265.18,2026-02-20 07:49:00.000,2026-02-20 07:49:06.641,2026-02-20 07:49:00,1.0,1
1420687,0000-FCFB-0ABF-1388,1,237.6,7.853,1830.1,0.98,50.0,265.18,2026-02-20 07:49:01.000,2026-02-20 07:49:06.641,2026-02-20 07:49:01,1.0,1
1420690,0000-FCFB-0ABF-1388,1,236.9,7.852,1826.0,0.98,50.0,265.18,2026-02-20 07:49:02.000,2026-02-20 07:49:06.641,2026-02-20 07:49:02,1.0,1
1420693,0000-FCFB-0ABF-1388,1,236.4,7.867,1825.2,0.98,50.0,265.18,2026-02-20 07:49:03.000,2026-02-20 07:49:06.641,2026-02-20 07:49:03,1.0,1
1420696,0000-FCFB-0ABF-1388,1,237.6,7.849,1829.8,0.98,50.0,265.18,2026-02-20 07:49:04.000,2026-02-20 07:49:06.641,2026-02-20 07:49:04,1.0,1
1420699,0000-FCFB-0ABF-1388,1,237.6,7.849,1829.8,0.98,50.0,265.18,2026-02-20 07:49:05.000,2026-02-20 07:49:06.641,2026-02-20 07:49:05,1.0,1
1420702,0000-FCFB-0ABF-1388,1,237.6,7.851,1829.6,0.98,50.0,265.18,2026-02-20 07:49:06.000,2026-02-20 07:49:06.641,2026-02-20 07:49:06,1.0,1
1420750,0000-FCFB-0ABF-1388,1,237.6,7.852,1829.5,0.98,50.0,265.18,2026-02-20 07:49:07.000,2026-02-20 07:49:21.673,2026-02-20 07:49:07,1.0,1
1420753,0000-FCFB-0ABF-1388,1,237.6,7.847,1828.8,0.98,50.0,265.18,2026-02-20 07:49:08.000,2026-02-20 07:49:21.673,2026-02-20 07:49:08,1.0,1
1420756,0000-FCFB-0ABF-1388,1,237.6,7.85,1829.0,0.98,50.0,265.18,2026-02-20 07:49:09.000,2026-02-20 07:49:21.673,2026-02-20 07:49:09,1.0,1
1420759,0000-FCFB-0ABF-1388,1,237.6,7.85,1829.0,0.98,50.0,265.18,2026-02-20 07:49:10.000,2026-02-20 07:49:21.673,2026-02-20 07:49:10,1.0,1
1420762,0000-FCFB-0ABF-1388,1,237.6,7.843,1828.6,0.98,50.0,265.18,2026-02-20 07:49:11.000,2026-02-20 07:49:21.673,2026-02-20 07:49:11,1.0,1
1420765,0000-FCFB-0ABF-1388,1,237.6,7.846,1828.7,0.98,50.0,265.19,2026-02-20 07:49:12.000,2026-02-20 07:49:21.673,2026-02-20 07:49:12,1.0,1
1420768,0000-FCFB-0ABF-1388,1,236.9,7.85,1825.2,0.98,50.0,265.19,2026-02-20 07:49:13.000,2026-02-20 07:49:21.673,2026-02-20 07:49:13,1.0,1
1420771,0000-FCFB-0ABF-1388,1,236.9,7.85,1825.2,0.98,50.0,265.19,2026-02-20 07:49:14.000,2026-02-20 07:49:21.673,2026-02-20 07:49:14,1.0,1
1420774,0000-FCFB-0ABF-1388,1,235.9,7.868,1821.7,0.98,50.0,265.19,2026-02-20 07:49:15.000,2026-02-20 07:49:21.673,2026-02-20 07:49:15,1.0,1
1420777,0000-FCFB-0ABF-1388,1,236.0,7.869,1822.4,0.98,50.0,265.19,2026-02-20 07:49:16.000,2026-02-20 07:49:21.673,2026-02-20 07:49:16,1.0,1
1420780,0000-FCFB-0ABF-1388,1,236.9,7.857,1825.9,0.98,50.0,265.19,2026-02-20 07:49:17.000,2026-02-20 07:49:21.673,2026-02-20 07:49:17,1.0,1
1420783,0000-FCFB-0ABF-1388,1,236.9,7.857,1825.9,0.98,50.0,265.19,2026-02-20 07:49:18.000,2026-02-20 07:49:21.673,2026-02-20 07:49:18,1.0,1
1420786,0000-FCFB-0ABF-1388,1,238.3,7.835,1830.3,0.98,50.0,265.19,2026-02-20 07:49:19.000,2026-02-20 07:49:21.673,2026-02-20 07:49:19,1.0,1
1420789,0000-FCFB-0ABF-1388,1,238.3,7.838,1831.1,0.98,50.0,265.19,2026-02-20 07:49:20.000,2026-02-20 07:49:21.673,2026-02-20 07:49:20,1.0,1
1420792,0000-FCFB-0ABF-1388,1,238.3,7.838,1831.0,0.98,50.0,265.19,2026-02-20 07:49:21.000,2026-02-20 07:49:21.673,2026-02-20 07:49:21,1.0,1
1420867,0000-FCFB-0ABF-1388,1,238.3,7.838,1831.4,0.98,50.0,265.19,2026-02-20 07:49:31.000,2026-02-20 07:49:51.673,2026-02-20 07:49:31,10.0,1
1420870,0000-FCFB-0ABF-1388,1,238.1,7.837,1830.4,0.98,50.0,265.2,2026-02-20 07:49:32.000,2026-02-20 07:49:51.673,2026-02-20 07:49:32,1.0,1
1420873,0000-FCFB-0ABF-1388,1,238.1,7.837,1830.4,0.98,50.0,265.2,2026-02-20 07:49:33.000,2026-02-20 07:49:51.673,2026-02-20 07:49:33,1.0,1
1420876,0000-FCFB-0ABF-1388,1,236.7,7.854,1824.1,0.98,50.0,265.2,2026-02-20 07:49:34.000,2026-02-20 07:49:51.673,2026-02-20 07:49:34,1.0,1
1420879,0000-FCFB-0ABF-1388,1,237.9,7.848,1830.0,0.98,50.0,265.2,2026-02-20 07:49:35.000,2026-02-20 07:49:51.673,2026-02-20 07:49:35,1.0,1
1420882,0000-FCFB-0ABF-1388,1,238.3,7.835,1830.2,0.98,50.0,265.2,2026-02-20 07:49:36.000,2026-02-20 07:49:51.673,2026-02-20 07:49:36,1.0,1
1420840,0000-FCFB-0ABF-1388,1,238.1,7.832,1828.9,0.98,50.0,265.2,2026-02-20 07:49:42.000,2026-02-20 07:49:51.673,2026-02-20 07:49:42,6.0,1
1420843,0000-FCFB-0ABF-1388,1,238.1,7.832,1828.9,0.98,50.0,265.2,2026-02-20 07:49:43.000,2026-02-20 07:49:51.673,2026-02-20 07:49:43,1.0,1
1420846,0000-FCFB-0ABF-1388,1,236.6,7.855,1823.1,0.98,50.0,265.2,2026-02-20 07:49:44.000,2026-02-20 07:49:51.673,2026-02-20 07:49:44,1.0,1
1420849,0000-FCFB-0ABF-1388,1,237.2,7.851,1826.0,0.98,50.0,265.2,2026-02-20 07:49:45.000,2026-02-20 07:49:51.673,2026-02-20 07:49:45,1.0,1
1420852,0000-FCFB-0ABF-1388,1,237.2,7.848,1825.8,0.98,50.0,265.2,2026-02-20 07:49:46.000,2026-02-20 07:49:51.673,2026-02-20 07:49:46,1.0,1
1420855,0000-FCFB-0ABF-1388,1,237.2,7.849,1826.2,0.98,50.0,265.2,2026-02-20 07:49:47.000,2026-02-20 07:49:51.673,2026-02-20 07:49:47,1.0,1
1420858,0000-FCFB-0ABF-1388,1,237.2,7.849,1826.2,0.98,50.0,265.2,2026-02-20 07:49:48.000,2026-02-20 07:49:51.673,2026-02-20 07:49:48,1.0,1
1420861,0000-FCFB-0ABF-1388,1,237.9,7.843,1828.9,0.98,50.0,265.2,2026-02-20 07:49:49.000,2026-02-20 07:49:51.673,2026-02-20 07:49:49,1.0,1
1420864,0000-FCFB-0ABF-1388,1,237.2,7.853,1827.1,0.98,50.0,265.2,2026-02-20 07:49:50.000,2026-02-20 07:49:51.673,2026-02-20 07:49:50,1.0,1
1420930,0000-FCFB-0ABF-1388,1,237.9,7.853,1830.6,0.98,50.0,265.21,2026-02-20 07:49:52.000,2026-02-20 07:50:06.815,2026-02-20 07:49:52,2.0,1
1420933,0000-FCFB-0ABF-1388,1,239.0,7.838,1834.5,0.98,50.0,265.21,2026-02-20 07:49:53.000,2026-02-20 07:50:06.815,2026-02-20 07:49:53,1.0,1
1420936,0000-FCFB-0ABF-1388,1,239.3,7.834,1835.5,0.98,50.0,265.21,2026-02-20 07:49:54.000,2026-02-20 07:50:06.815,2026-02-20 07:49:54,1.0,1
1420939,0000-FCFB-0ABF-1388,1,239.3,7.834,1835.5,0.98,50.0,265.21,2026-02-20 07:49:55.000,2026-02-20 07:50:06.815,2026-02-20 07:49:55,1.0,1
1420942,0000-FCFB-0ABF-1388,1,239.2,7.832,1835.5,0.98,50.0,265.21,2026-02-20 07:49:56.000,2026-02-20 07:50:06.815,2026-02-20 07:49:56,1.0,1
1420945,0000-FCFB-0ABF-1388,1,239.2,7.832,1835.1,0.98,50.0,265.21,2026-02-20 07:49:57.000,2026-02-20 07:50:06.815,2026-02-20 07:49:57,1.0,1
1420948,0000-FCFB-0ABF-1388,1,239.3,7.836,1835.8,0.98,50.0,265.21,2026-02-20 07:49:58.000,2026-02-20 07:50:06.815,2026-02-20 07:49:58,1.0,1
1420951,0000-FCFB-0ABF-1388,1,239.2,7.833,1835.2,0.98,50.0,265.21,2026-02-20 07:49:59.000,2026-02-20 07:50:06.815,2026-02-20 07:49:59,1.0,1
1420954,0000-FCFB-0ABF-1388,1,239.2,7.833,1835.2,0.98,50.0,265.21,2026-02-20 07:50:00.000,2026-02-20 07:50:06.815,2026-02-20 07:50:00,1.0,1
1420957,0000-FCFB-0ABF-1388,1,239.3,7.83,1835.4,0.98,50.0,265.21,2026-02-20 07:50:01.000,2026-02-20 07:50:06.815,2026-02-20 07:50:01,1.0,1
1420960,0000-FCFB-0ABF-1388,1,239.2,7.835,1835.5,0.98,50.0,265.21,2026-02-20 07:50:02.000,2026-02-20 07:50:06.815,2026-02-20 07:50:02,1.0,1
1420963,0000-FCFB-0ABF-1388,1,239.2,7.831,1835.6,0.98,50.0,265.21,2026-02-20 07:50:03.000,2026-02-20 07:50:06.815,2026-02-20 07:50:03,1.0,1
1420966,0000-FCFB-0ABF-1388,1,239.3,7.84,1836.9,0.98,50.0,265.21,2026-02-20 07:50:04.000,2026-02-20 07:50:06.815,2026-02-20 07:50:04,1.0,1
1420969,0000-FCFB-0ABF-1388,1,239.3,7.84,1836.9,0.98,50.0,265.21,2026-02-20 07:50:05.000,2026-02-20 07:50:06.815,2026-02-20 07:50:05,1.0,1
1420972,0000-FCFB-0ABF-1388,1,238.9,7.837,1835.6,0.98,50.0,265.21,2026-02-20 07:50:06.000,2026-02-20 07:50:06.815,2026-02-20 07:50:06,1.0,1
1420993,0000-FCFB-0ABF-1388,1,238.2,7.854,1833.4,0.98,50.0,265.21,2026-02-20 07:50:07.000,2026-02-20 07:50:21.827,2026-02-20 07:50:07,1.0,1
1420996,0000-FCFB-0ABF-1388,1,239.1,7.841,1837.2,0.98,50.0,265.21,2026-02-20 07:50:08.000,2026-02-20 07:50:21.827,2026-02-20 07:50:08,1.0,1
1420999,0000-FCFB-0ABF-1388,1,239.1,7.843,1837.2,0.98,50.0,265.21,2026-02-20 07:50:09.000,2026-02-20 07:50:21.827,2026-02-20 07:50:09,1.0,1
1421002,0000-FCFB-0ABF-1388,1,239.1,7.843,1837.2,0.98,50.0,265.21,2026-02-20 07:50:10.000,2026-02-20 07:50:21.827,2026-02-20 07:50:10,1.0,1
1421005,0000-FCFB-0ABF-1388,1,238.2,7.854,1833.6,0.98,50.0,265.22,2026-02-20 07:50:11.000,2026-02-20 07:50:21.827,2026-02-20 07:50:11,1.0,1
1421008,0000-FCFB-0ABF-1388,1,239.0,7.845,1837.2,0.98,50.0,265.22,2026-02-20 07:50:12.000,2026-02-20 07:50:21.827,2026-02-20 07:50:12,1.0,1
1421011,0000-FCFB-0ABF-1388,1,239.0,7.844,1836.6,0.98,50.0,265.22,2026-02-20 07:50:13.000,2026-02-20 07:50:21.827,2026-02-20 07:50:13,1.0,1
1421014,0000-FCFB-0ABF-1388,1,239.0,7.844,1836.6,0.98,50.0,265.22,2026-02-20 07:50:14.000,2026-02-20 07:50:21.827,2026-02-20 07:50:14,1.0,1
1421017,0000-FCFB-0ABF-1388,1,238.8,7.848,1837.3,0.98,50.0,265.22,2026-02-20 07:50:15.000,2026-02-20 07:50:21.827,2026-02-20 07:50:15,1.0,1
1421020,0000-FCFB-0ABF-1388,1,238.8,7.848,1836.8,0.98,50.0,265.22,2026-02-20 07:50:16.000,2026-02-20 07:50:21.827,2026-02-20 07:50:16,1.0,1
1421023,0000-FCFB-0ABF-1388,1,238.8,7.848,1837.0,0.98,50.0,265.22,2026-02-20 07:50:17.000,2026-02-20 07:50:21.827,2026-02-20 07:50:17,1.0,1
1421026,0000-FCFB-0ABF-1388,1,238.8,7.848,1837.0,0.98,50.0,265.22,2026-02-20 07:50:18.000,2026-02-20 07:50:21.827,2026-02-20 07:50:18,1.0,1
1421029,0000-FCFB-0ABF-1388,1,238.8,7.855,1837.8,0.98,50.0,265.22,2026-02-20 07:50:19.000,2026-02-20 07:50:21.827,2026-02-20 07:50:19,1.0,1
1421032,0000-FCFB-0ABF-1388,1,238.2,7.86,1835.6,0.98,50.0,265.22,2026-02-20 07:50:20.000,2026-02-20 07:50:21.827,2026-02-20 07:50:20,1.0,1
1421035,0000-FCFB-0ABF-1388,1,236.8,7.879,1830.2,0.98,50.0,265.22,2026-02-20 07:50:21.000,2026-02-20 07:50:21.827,2026-02-20 07:50:21,1.0,1
1421083,0000-FCFB-0ABF-1388,1,237.5,7.872,1833.5,0.98,50.0,265.22,2026-02-20 07:50:22.000,2026-02-20 07:50:36.849,2026-02-20 07:50:22,1.0,1
1421086,0000-FCFB-0ABF-1388,1,237.5,7.872,1833.5,0.98,50.0,265.22,2026-02-20 07:50:23.000,2026-02-20 07:50:36.849,2026-02-20 07:50:23,1.0,1
1421089,0000-FCFB-0ABF-1388,1,239.3,7.848,1840.0,0.98,50.0,265.22,2026-02-20 07:50:24.000,2026-02-20 07:50:36.849,2026-02-20 07:50:24,1.0,1
1421092,0000-FCFB-0ABF-1388,1,239.3,7.843,1838.5,0.98,50.0,265.22,2026-02-20 07:50:25.000,2026-02-20 07:50:36.849,2026-02-20 07:50:25,1.0,1
1421095,0000-FCFB-0ABF-1388,1,239.3,7.838,1837.0,0.98,50.0,265.22,2026-02-20 07:50:26.000,2026-02-20 07:50:36.849,2026-02-20 07:50:26,1.0,1
1421098,0000-FCFB-0ABF-1388,1,239.3,7.838,1837.0,0.98,50.0,265.22,2026-02-20 07:50:27.000,2026-02-20 07:50:36.849,2026-02-20 07:50:27,1.0,1
1421101,0000-FCFB-0ABF-1388,1,239.3,7.843,1837.4,0.98,50.0,265.22,2026-02-20 07:50:28.000,2026-02-20 07:50:36.849,2026-02-20 07:50:28,1.0,1
1421104,0000-FCFB-0ABF-1388,1,239.3,7.836,1836.3,0.98,50.0,265.22,2026-02-20 07:50:29.000,2026-02-20 07:50:36.849,2026-02-20 07:50:29,1.0,1
1421107,0000-FCFB-0ABF-1388,1,239.3,7.834,1836.4,0.98,50.0,265.23,2026-02-20 07:50:30.000,2026-02-20 07:50:36.849,2026-02-20 07:50:30,1.0,1
1421110,0000-FCFB-0ABF-1388,1,239.3,7.828,1834.9,0.98,50.0,265.23,2026-02-20 07:50:31.000,2026-02-20 07:50:36.849,2026-02-20 07:50:31,1.0,1
1421113,0000-FCFB-0ABF-1388,1,239.3,7.828,1834.8,0.98,50.0,265.23,2026-02-20 07:50:32.000,2026-02-20 07:50:36.849,2026-02-20 07:50:32,1.0,1
1421116,0000-FCFB-0ABF-1388,1,239.3,7.828,1834.8,0.98,50.0,265.23,2026-02-20 07:50:33.000,2026-02-20 07:50:36.849,2026-02-20 07:50:33,1.0,1
1421119,0000-FCFB-0ABF-1388,1,239.4,7.826,1834.8,0.98,50.0,265.23,2026-02-20 07:50:34.000,2026-02-20 07:50:36.849,2026-02-20 07:50:34,1.0,1
1421122,0000-FCFB-0ABF-1388,1,239.4,7.817,1833.2,0.98,50.0,265.23,2026-02-20 07:50:35.000,2026-02-20 07:50:36.849,2026-02-20 07:50:35,1.0,1
1421125,0000-FCFB-0ABF-1388,1,239.5,7.816,1833.1,0.98,50.0,265.23,2026-02-20 07:50:36.000,2026-02-20 07:50:36.849,2026-02-20 07:50:36,1.0,1
1421173,0000-FCFB-0ABF-1388,1,239.5,7.816,1833.1,0.98,50.0,265.23,2026-02-20 07:50:37.000,2026-02-20 07:50:51.871,2026-02-20 07:50:37,1.0,1
1421176,0000-FCFB-0ABF-1388,1,239.6,7.813,1833.1,0.98,50.0,265.23,2026-02-20 07:50:38.000,2026-02-20 07:50:51.871,2026-02-20 07:50:38,1.0,1
1421179,0000-FCFB-0ABF-1388,1,239.6,7.81,1832.5,0.98,50.0,265.23,2026-02-20 07:50:39.000,2026-02-20 07:50:51.871,2026-02-20 07:50:39,1.0,1
1421182,0000-FCFB-0ABF-1388,1,239.6,7.806,1831.3,0.98,50.0,265.23,2026-02-20 07:50:40.000,2026-02-20 07:50:51.871,2026-02-20 07:50:40,1.0,1
1421185,0000-FCFB-0ABF-1388,1,239.5,7.81,1831.1,0.98,50.0,265.23,2026-02-20 07:50:41.000,2026-02-20 07:50:51.871,2026-02-20 07:50:41,1.0,1
1421188,0000-FCFB-0ABF-1388,1,239.5,7.81,1831.1,0.98,50.0,265.23,2026-02-20 07:50:42.000,2026-02-20 07:50:51.871,2026-02-20 07:50:42,1.0,1
1421191,0000-FCFB-0ABF-1388,1,238.5,7.82,1827.3,0.98,50.0,265.23,2026-02-20 07:50:43.000,2026-02-20 07:50:51.871,2026-02-20 07:50:43,1.0,1
1421194,0000-FCFB-0ABF-1388,1,238.3,7.815,1825.9,0.98,50.0,265.23,2026-02-20 07:50:44.000,2026-02-20 07:50:51.871,2026-02-20 07:50:44,1.0,1
1421197,0000-FCFB-0ABF-1388,1,238.1,7.817,1824.8,0.98,50.0,265.23,2026-02-20 07:50:45.000,2026-02-20 07:50:51.871,2026-02-20 07:50:45,1.0,1
1421200,0000-FCFB-0ABF-1388,1,238.1,7.817,1824.8,0.98,50.0,265.23,2026-02-20 07:50:46.000,2026-02-20 07:50:51.871,2026-02-20 07:50:46,1.0,1
1421203,0000-FCFB-0ABF-1388,1,237.8,7.822,1823.4,0.98,50.0,265.23,2026-02-20 07:50:47.000,2026-02-20 07:50:51.871,2026-02-20 07:50:47,1.0,1
1421206,0000-FCFB-0ABF-1388,1,237.6,7.827,1823.8,0.98,50.0,265.23,2026-02-20 07:50:48.000,2026-02-20 07:50:51.871,2026-02-20 07:50:48,1.0,1
1421209,0000-FCFB-0ABF-1388,1,237.6,7.824,1823.1,0.98,50.0,265.23,2026-02-20 07:50:49.000,2026-02-20 07:50:51.871,2026-02-20 07:50:49,1.0,1
1421212,0000-FCFB-0ABF-1388,1,237.6,7.824,1823.1,0.98,50.0,265.24,2026-02-20 07:50:50.000,2026-02-20 07:50:51.871,2026-02-20 07:50:50,1.0,1
1421215,0000-FCFB-0ABF-1388,1,237.5,7.827,1823.0,0.98,50.0,265.24,2026-02-20 07:50:51.000,2026-02-20 07:50:51.871,2026-02-20 07:50:51,1.0,1
1421260,0000-FCFB-0ABF-1388,1,237.4,7.83,1822.6,0.98,50.0,265.24,2026-02-20 07:50:52.000,2026-02-20 07:51:06.875,2026-02-20 07:50:52,1.0,1
1421263,0000-FCFB-0ABF-1388,1,237.2,7.833,1822.0,0.98,50.0,265.24,2026-02-20 07:50:53.000,2026-02-20 07:51:06.875,2026-02-20 07:50:53,1.0,1
1421266,0000-FCFB-0ABF-1388,1,237.4,7.829,1822.8,0.98,50.0,265.24,2026-02-20 07:50:54.000,2026-02-20 07:51:06.875,2026-02-20 07:50:54,1.0,1
1421269,0000-FCFB-0ABF-1388,1,237.4,7.829,1822.8,0.98,50.0,265.24,2026-02-20 07:50:55.000,2026-02-20 07:51:06.875,2026-02-20 07:50:55,1.0,1
1421272,0000-FCFB-0ABF-1388,1,237.6,7.825,1822.5,0.98,50.0,265.24,2026-02-20 07:50:56.000,2026-02-20 07:51:06.875,2026-02-20 07:50:56,1.0,1
1421275,0000-FCFB-0ABF-1388,1,237.7,7.819,1822.7,0.98,50.0,265.24,2026-02-20 07:50:57.000,2026-02-20 07:51:06.875,2026-02-20 07:50:57,1.0,1
1421278,0000-FCFB-0ABF-1388,1,237.8,7.816,1822.0,0.98,50.0,265.24,2026-02-20 07:50:58.000,2026-02-20 07:51:06.875,2026-02-20 07:50:58,1.0,1
1421281,0000-FCFB-0ABF-1388,1,237.8,7.818,1822.8,0.98,50.0,265.24,2026-02-20 07:50:59.000,2026-02-20 07:51:06.875,2026-02-20 07:50:59,1.0,1
1421284,0000-FCFB-0ABF-1388,1,237.8,7.818,1822.8,0.98,50.0,265.24,2026-02-20 07:51:00.000,2026-02-20 07:51:06.875,2026-02-20 07:51:00,1.0,1
1421287,0000-FCFB-0ABF-1388,1,237.9,7.822,1823.4,0.98,50.0,265.24,2026-02-20 07:51:01.000,2026-02-20 07:51:06.875,2026-02-20 07:51:01,1.0,1
1421290,0000-FCFB-0ABF-1388,1,237.9,7.817,1823.3,0.98,50.0,265.24,2026-02-20 07:51:02.000,2026-02-20 07:51:06.875,2026-02-20 07:51:02,1.0,1
1421293,0000-FCFB-0ABF-1388,1,237.9,7.819,1823.5,0.98,50.0,265.24,2026-02-20 07:51:03.000,2026-02-20 07:51:06.875,2026-02-20 07:51:03,1.0,1
1421296,0000-FCFB-0ABF-1388,1,237.9,7.821,1823.7,0.98,50.0,265.24,2026-02-20 07:51:04.000,2026-02-20 07:51:06.875,2026-02-20 07:51:04,1.0,1
1421299,0000-FCFB-0ABF-1388,1,237.9,7.821,1823.7,0.98,50.0,265.24,2026-02-20 07:51:05.000,2026-02-20 07:51:06.875,2026-02-20 07:51:05,1.0,1
1421302,0000-FCFB-0ABF-1388,1,238.0,7.823,1824.9,0.98,50.0,265.24,2026-02-20 07:51:06.000,2026-02-20 07:51:06.875,2026-02-20 07:51:06,1.0,1
1421326,0000-FCFB-0ABF-1388,1,237.9,7.824,1824.8,0.98,50.0,265.24,2026-02-20 07:51:07.000,2026-02-20 07:51:21.879,2026-02-20 07:51:07,1.0,1
1421329,0000-FCFB-0ABF-1388,1,237.9,7.824,1824.8,0.98,50.0,265.24,2026-02-20 07:51:08.000,2026-02-20 07:51:21.879,2026-02-20 07:51:08,1.0,1
1421332,0000-FCFB-0ABF-1388,1,237.9,7.824,1824.8,0.98,50.0,265.24,2026-02-20 07:51:09.000,2026-02-20 07:51:21.879,2026-02-20 07:51:09,1.0,1
1421335,0000-FCFB-0ABF-1388,1,237.9,7.829,1825.1,0.98,50.0,265.25,2026-02-20 07:51:10.000,2026-02-20 07:51:21.879,2026-02-20 07:51:10,1.0,1
1421338,0000-FCFB-0ABF-1388,1,237.9,7.823,1825.2,0.98,50.0,265.25,2026-02-20 07:51:11.000,2026-02-20 07:51:21.879,2026-02-20 07:51:11,1.0,1
1421341,0000-FCFB-0ABF-1388,1,237.9,7.827,1825.5,0.98,50.0,265.25,2026-02-20 07:51:12.000,2026-02-20 07:51:21.879,2026-02-20 07:51:12,1.0,1
1421344,0000-FCFB-0ABF-1388,1,237.9,7.827,1825.3,0.98,50.0,265.25,2026-02-20 07:51:13.000,2026-02-20 07:51:21.879,2026-02-20 07:51:13,1.0,1
1421347,0000-FCFB-0ABF-1388,1,237.9,7.827,1825.3,0.98,50.0,265.25,2026-02-20 07:51:14.000,2026-02-20 07:51:21.879,2026-02-20 07:51:14,1.0,1
1421350,0000-FCFB-0ABF-1388,1,237.9,7.828,1825.4,0.98,50.0,265.25,2026-02-20 07:51:15.000,2026-02-20 07:51:21.879,2026-02-20 07:51:15,1.0,1
1421353,0000-FCFB-0ABF-1388,1,237.9,7.827,1824.8,0.98,50.0,265.25,2026-02-20 07:51:16.000,2026-02-20 07:51:21.879,2026-02-20 07:51:16,1.0,1
1421356,0000-FCFB-0ABF-1388,1,238.0,6.86,1630.9,1.0,50.0,265.25,2026-02-20 07:51:17.000,2026-02-20 07:51:21.879,2026-02-20 07:51:17,1.0,1
1421359,0000-FCFB-0ABF-1388,1,238.0,6.86,1630.9,1.0,50.0,265.25,2026-02-20 07:51:18.000,2026-02-20 07:51:21.879,2026-02-20 07:51:18,1.0,1
1421362,0000-FCFB-0ABF-1388,1,239.3,1.417,276.5,0.82,50.0,265.25,2026-02-20 07:51:19.000,2026-02-20 07:51:21.879,2026-02-20 07:51:19,1.0,0
1421365,0000-FCFB-0ABF-1388,1,239.4,1.418,277.9,0.82,50.0,265.25,2026-02-20 07:51:20.000,2026-02-20 07:51:21.879,2026-02-20 07:51:20,1.0,0
1421368,0000-FCFB-0ABF-1388,1,239.5,1.415,277.7,0.82,50.0,265.25,2026-02-20 07:51:21.000,2026-02-20 07:51:21.879,2026-02-20 07:51:21,1.0,0
1421476,0000-FCFB-0ABF-1388,1,239.5,1.415,277.7,0.82,50.0,265.25,2026-02-20 07:51:22.000,2026-02-20 07:52:02.621,2026-02-20 07:51:22,1.0,0
1421479,0000-FCFB-0ABF-1388,1,239.7,1.414,277.8,0.82,50.0,265.25,2026-02-20 07:51:23.000,2026-02-20 07:52:02.621,2026-02-20 07:51:23,1.0,0
1421482,0000-FCFB-0ABF-1388,1,239.6,1.414,278.0,0.82,50.0,265.25,2026-02-20 07:51:24.000,2026-02-20 07:52:02.621,2026-02-20 07:51:24,1.0,0
1421485,0000-FCFB-0ABF-1388,1,239.6,1.415,278.0,0.82,50.0,265.25,2026-02-20 07:51:25.000,2026-02-20 07:52:02.621,2026-02-20 07:51:25,1.0,0
1421488,0000-FCFB-0ABF-1388,1,239.5,1.418,277.7,0.82,50.0,265.25,2026-02-20 07:51:26.000,2026-02-20 07:52:02.621,2026-02-20 07:51:26,1.0,0
1421491,0000-FCFB-0ABF-1388,1,239.5,1.418,266.0,0.78,50.0,265.25,2026-02-20 07:51:27.000,2026-02-20 07:52:02.621,2026-02-20 07:51:27,1.0,0
1421494,0000-FCFB-0ABF-1388,1,239.6,1.337,266.0,0.83,50.0,265.25,2026-02-20 07:51:28.000,2026-02-20 07:52:02.621,2026-02-20 07:51:28,1.0,0
1421497,0000-FCFB-0ABF-1388,1,239.8,1.108,208.9,0.79,50.0,265.25,2026-02-20 07:51:29.000,2026-02-20 07:52:02.621,2026-02-20 07:51:29,1.0,0
1421500,0000-FCFB-0ABF-1388,1,239.8,1.081,200.2,0.77,50.0,265.25,2026-02-20 07:51:30.000,2026-02-20 07:52:02.621,2026-02-20 07:51:30,1.0,0
1421503,0000-FCFB-0ABF-1388,1,239.8,1.07,198.5,0.77,50.0,265.25,2026-02-20 07:51:31.000,2026-02-20 07:52:02.621,2026-02-20 07:51:31,1.0,0
1421506,0000-FCFB-0ABF-1388,1,239.8,1.07,198.5,0.77,50.0,265.25,2026-02-20 07:51:32.000,2026-02-20 07:52:02.621,2026-02-20 07:51:32,1.0,0
1421509,0000-FCFB-0ABF-1388,1,239.9,0.971,182.8,0.78,50.0,265.25,2026-02-20 07:51:33.000,2026-02-20 07:52:02.621,2026-02-20 07:51:33,1.0,0
1421512,0000-FCFB-0ABF-1388,1,239.9,0.971,182.9,0.79,50.0,265.25,2026-02-20 07:51:34.000,2026-02-20 07:52:02.621,2026-02-20 07:51:34,1.0,0
1421515,0000-FCFB-0ABF-1388,1,239.8,0.972,182.9,0.78,50.0,265.25,2026-02-20 07:51:35.000,2026-02-20 07:52:02.621,2026-02-20 07:51:35,1.0,0
1421518,0000-FCFB-0ABF-1388,1,239.9,0.973,182.9,0.78,50.0,265.25,2026-02-20 07:51:36.000,2026-02-20 07:52:02.621,2026-02-20 07:51:36,1.0,0
1421563,0000-FCFB-0ABF-1388,1,239.7,1.129,207.4,0.77,50.0,265.25,2026-02-20 07:52:03.000,2026-02-20 07:52:17.561,2026-02-20 07:52:03,27.0,0
1421560,0000-FCFB-0ABF-1388,1,239.7,1.129,207.4,0.77,50.0,265.25,2026-02-20 07:52:03.000,2026-02-20 07:52:17.561,2026-02-20 07:52:03,0.0,0
1421566,0000-FCFB-0ABF-1388,1,239.8,1.132,207.1,0.76,50.0,265.25,2026-02-20 07:52:04.000,2026-02-20 07:52:17.561,2026-02-20 07:52:04,1.0,0
1421569,0000-FCFB-0ABF-1388,1,239.8,1.13,206.5,0.76,50.0,265.25,2026-02-20 07:52:05.000,2026-02-20 07:52:17.561,2026-02-20 07:52:05,1.0,0
1421572,0000-FCFB-0ABF-1388,1,239.9,1.136,207.3,0.76,50.0,265.25,2026-02-20 07:52:06.000,2026-02-20 07:52:17.561,2026-02-20 07:52:06,1.0,0
1421575,0000-FCFB-0ABF-1388,1,239.8,1.139,207.5,0.76,50.0,265.25,2026-02-20 07:52:07.000,2026-02-20 07:52:17.561,2026-02-20 07:52:07,1.0,0
1421578,0000-FCFB-0ABF-1388,1,239.8,1.139,207.5,0.76,50.0,265.25,2026-02-20 07:52:08.000,2026-02-20 07:52:17.561,2026-02-20 07:52:08,1.0,0
1421581,0000-FCFB-0ABF-1388,1,239.6,1.142,207.4,0.76,50.0,265.25,2026-02-20 07:52:09.000,2026-02-20 07:52:17.561,2026-02-20 07:52:09,1.0,0
1421584,0000-FCFB-0ABF-1388,1,239.5,1.141,207.3,0.76,50.0,265.25,2026-02-20 07:52:10.000,2026-02-20 07:52:17.561,2026-02-20 07:52:10,1.0,0
1421587,0000-FCFB-0ABF-1388,1,239.6,1.142,207.1,0.76,50.0,265.25,2026-02-20 07:52:11.000,2026-02-20 07:52:17.561,2026-02-20 07:52:11,1.0,0
1421590,0000-FCFB-0ABF-1388,1,239.6,1.144,207.4,0.76,50.0,265.25,2026-02-20 07:52:12.000,2026-02-20 07:52:17.561,2026-02-20 07:52:12,1.0,0
1421593,0000-FCFB-0ABF-1388,1,239.6,1.144,207.4,0.76,50.0,265.25,2026-02-20 07:52:13.000,2026-02-20 07:52:17.561,2026-02-20 07:52:13,1.0,0
1421596,0000-FCFB-0ABF-1388,1,239.6,1.144,207.3,0.76,50.0,265.25,2026-02-20 07:52:14.000,2026-02-20 07:52:17.561,2026-02-20 07:52:14,1.0,0
1421599,0000-FCFB-0ABF-1388,1,239.6,1.143,207.2,0.76,50.0,265.25,2026-02-20 07:52:15.000,2026-02-20 07:52:17.561,2026-02-20 07:52:15,1.0,0
1421602,0000-FCFB-0ABF-1388,1,239.6,1.141,206.8,0.76,50.0,265.25,2026-02-20 07:52:16.000,2026-02-20 07:52:17.561,2026-02-20 07:52:16,1.0,0
1421605,0000-FCFB-0ABF-1388,1,240.0,1.139,206.9,0.76,50.0,265.25,2026-02-20 07:52:18.000,2026-02-20 07:52:32.573,2026-02-20 07:52:18,2.0,0
1421608,0000-FCFB-0ABF-1388,1,240.8,1.129,206.3,0.76,50.0,265.25,2026-02-20 07:52:19.000,2026-02-20 07:52:32.573,2026-02-20 07:52:19,1.0,0
1421611,0000-FCFB-0ABF-1388,1,240.2,1.131,205.7,0.76,50.0,265.25,2026-02-20 07:52:20.000,2026-02-20 07:52:32.573,2026-02-20 07:52:20,1.0,0
1421614,0000-FCFB-0ABF-1388,1,240.2,1.131,205.7,0.76,50.0,265.25,2026-02-20 07:52:21.000,2026-02-20 07:52:32.573,2026-02-20 07:52:21,1.0,0
1421617,0000-FCFB-0ABF-1388,1,239.8,1.134,205.7,0.76,50.0,265.25,2026-02-20 07:52:22.000,2026-02-20 07:52:32.573,2026-02-20 07:52:22,1.0,0
1421620,0000-FCFB-0ABF-1388,1,239.5,1.135,205.6,0.76,50.0,265.25,2026-02-20 07:52:23.000,2026-02-20 07:52:32.573,2026-02-20 07:52:23,1.0,0
1421623,0000-FCFB-0ABF-1388,1,239.7,1.133,205.7,0.76,50.0,265.25,2026-02-20 07:52:24.000,2026-02-20 07:52:32.573,2026-02-20 07:52:24,1.0,0
1421626,0000-FCFB-0ABF-1388,1,239.6,0.832,162.2,0.81,50.0,265.25,2026-02-20 07:52:25.000,2026-02-20 07:52:32.573,2026-02-20 07:52:25,1.0,0
1421629,0000-FCFB-0ABF-1388,1,239.6,0.832,162.2,0.81,50.0,265.25,2026-02-20 07:52:26.000,2026-02-20 07:52:32.573,2026-02-20 07:52:26,1.0,0
1421632,0000-FCFB-0ABF-1388,1,239.8,0.831,161.0,0.81,50.0,265.25,2026-02-20 07:52:27.000,2026-02-20 07:52:32.573,2026-02-20 07:52:27,1.0,0
1421635,0000-FCFB-0ABF-1388,1,239.6,0.828,160.5,0.81,50.0,265.25,2026-02-20 07:52:28.000,2026-02-20 07:52:32.573,2026-02-20 07:52:28,1.0,0
1421638,0000-FCFB-0ABF-1388,1,239.6,0.828,160.4,0.81,50.0,265.25,2026-02-20 07:52:29.000,2026-02-20 07:52:32.573,2026-02-20 07:52:29,1.0,0
1421641,0000-FCFB-0ABF-1388,1,239.6,0.828,160.4,0.81,50.0,265.25,2026-02-20 07:52:30.000,2026-02-20 07:52:32.573,2026-02-20 07:52:30,1.0,0
1421644,0000-FCFB-0ABF-1388,1,239.6,0.83,160.5,0.81,50.0,265.25,2026-02-20 07:52:31.000,2026-02-20 07:52:32.573,2026-02-20 07:52:31,1.0,0
1421647,0000-FCFB-0ABF-1388,1,239.6,0.831,160.5,0.81,50.0,265.25,2026-02-20 07:52:32.000,2026-02-20 07:52:32.573,2026-02-20 07:52:32,1.0,0
1421650,0000-FCFB-0ABF-1388,1,239.6,0.829,160.3,0.81,50.0,265.25,2026-02-20 07:52:33.000,2026-02-20 07:52:47.582,2026-02-20 07:52:33,1.0,0
1421653,0000-FCFB-0ABF-1388,1,239.6,0.829,160.3,0.81,50.0,265.25,2026-02-20 07:52:34.000,2026-02-20 07:52:47.582,2026-02-20 07:52:34,1.0,0
1421656,0000-FCFB-0ABF-1388,1,239.5,0.83,160.2,0.81,50.0,265.25,2026-02-20 07:52:35.000,2026-02-20 07:52:47.582,2026-02-20 07:52:35,1.0,0
1421659,0000-FCFB-0ABF-1388,1,239.6,0.829,160.2,0.81,50.0,265.25,2026-02-20 07:52:36.000,2026-02-20 07:52:47.582,2026-02-20 07:52:36,1.0,0
1421662,0000-FCFB-0ABF-1388,1,239.7,0.828,160.3,0.81,50.0,265.25,2026-02-20 07:52:37.000,2026-02-20 07:52:47.582,2026-02-20 07:52:37,1.0,0
1421665,0000-FCFB-0ABF-1388,1,239.6,0.829,160.2,0.81,50.0,265.25,2026-02-20 07:52:38.000,2026-02-20 07:52:47.582,2026-02-20 07:52:38,1.0,0
1421668,0000-FCFB-0ABF-1388,1,239.6,0.829,160.2,0.81,50.0,265.25,2026-02-20 07:52:39.000,2026-02-20 07:52:47.582,2026-02-20 07:52:39,1.0,0
1421671,0000-FCFB-0ABF-1388,1,239.7,0.827,160.2,0.81,50.0,265.25,2026-02-20 07:52:40.000,2026-02-20 07:52:47.582,2026-02-20 07:52:40,1.0,0
1421674,0000-FCFB-0ABF-1388,1,239.8,0.828,160.4,0.81,50.0,265.25,2026-02-20 07:52:41.000,2026-02-20 07:52:47.582,2026-02-20 07:52:41,1.0,0
1421677,0000-FCFB-0ABF-1388,1,239.8,0.826,160.2,0.81,50.0,265.25,2026-02-20 07:52:42.000,2026-02-20 07:52:47.582,2026-02-20 07:52:42,1.0,0
1421680,0000-FCFB-0ABF-1388,1,239.7,0.826,160.3,0.81,50.0,265.25,2026-02-20 07:52:43.000,2026-02-20 07:52:47.582,2026-02-20 07:52:43,1.0,0
1421683,0000-FCFB-0ABF-1388,1,239.7,0.826,160.3,0.81,50.0,265.25,2026-02-20 07:52:44.000,2026-02-20 07:52:47.582,2026-02-20 07:52:44,1.0,0
1421686,0000-FCFB-0ABF-1388,1,239.7,0.827,160.1,0.81,50.0,265.25,2026-02-20 07:52:45.000,2026-02-20 07:52:47.582,2026-02-20 07:52:45,1.0,0
1421689,0000-FCFB-0ABF-1388,1,239.7,0.83,160.3,0.81,50.0,265.25,2026-02-20 07:52:46.000,2026-02-20 07:52:47.582,2026-02-20 07:52:46,1.0,0
1421692,0000-FCFB-0ABF-1388,1,239.7,0.829,160.1,0.81,50.0,265.25,2026-02-20 07:52:47.000,2026-02-20 07:52:47.582,2026-02-20 07:52:47,1.0,0
1421695,0000-FCFB-0ABF-1388,1,239.6,0.829,160.0,0.81,50.0,265.25,2026-02-20 07:52:48.000,2026-02-20 07:53:02.607,2026-02-20 07:52:48,1.0,0
1421698,0000-FCFB-0ABF-1388,1,239.6,0.829,160.0,0.81,50.0,265.25,2026-02-20 07:52:49.000,2026-02-20 07:53:02.607,2026-02-20 07:52:49,1.0,0
1421701,0000-FCFB-0ABF-1388,1,239.6,0.829,160.0,0.81,50.0,265.25,2026-02-20 07:52:50.000,2026-02-20 07:53:02.607,2026-02-20 07:52:50,1.0,0
1421704,0000-FCFB-0ABF-1388,1,239.5,0.828,159.9,0.81,50.0,265.25,2026-02-20 07:52:51.000,2026-02-20 07:53:02.607,2026-02-20 07:52:51,1.0,0
1421707,0000-FCFB-0ABF-1388,1,239.5,0.828,159.9,0.81,50.0,265.25,2026-02-20 07:52:52.000,2026-02-20 07:53:02.607,2026-02-20 07:52:52,1.0,0
1421710,0000-FCFB-0ABF-1388,1,239.5,0.828,159.9,0.81,50.0,265.25,2026-02-20 07:52:53.000,2026-02-20 07:53:02.607,2026-02-20 07:52:53,1.0,0
1421713,0000-FCFB-0ABF-1388,1,239.6,0.827,159.9,0.81,50.0,265.25,2026-02-20 07:52:54.000,2026-02-20 07:53:02.607,2026-02-20 07:52:54,1.0,0
1421716,0000-FCFB-0ABF-1388,1,239.6,0.826,159.9,0.81,50.0,265.25,2026-02-20 07:52:55.000,2026-02-20 07:53:02.607,2026-02-20 07:52:55,1.0,0
1421719,0000-FCFB-0ABF-1388,1,239.5,0.827,159.9,0.81,50.0,265.25,2026-02-20 07:52:56.000,2026-02-20 07:53:02.607,2026-02-20 07:52:56,1.0,0
1421722,0000-FCFB-0ABF-1388,1,239.9,0.826,159.8,0.81,50.0,265.25,2026-02-20 07:52:57.000,2026-02-20 07:53:02.607,2026-02-20 07:52:57,1.0,0
1421725,0000-FCFB-0ABF-1388,1,239.9,0.826,159.8,0.81,50.0,265.25,2026-02-20 07:52:58.000,2026-02-20 07:53:02.607,2026-02-20 07:52:58,1.0,0
1421728,0000-FCFB-0ABF-1388,1,239.4,0.832,159.9,0.8,50.0,265.25,2026-02-20 07:52:59.000,2026-02-20 07:53:02.607,2026-02-20 07:52:59,1.0,0
1421731,0000-FCFB-0ABF-1388,1,239.8,0.831,159.9,0.8,50.0,265.25,2026-02-20 07:53:00.000,2026-02-20 07:53:02.607,2026-02-20 07:53:00,1.0,0
1421734,0000-FCFB-0ABF-1388,1,240.3,0.83,160.0,0.8,50.0,265.25,2026-02-20 07:53:01.000,2026-02-20 07:53:02.607,2026-02-20 07:53:01,1.0,0
1421737,0000-FCFB-0ABF-1388,1,240.3,0.83,160.0,0.8,50.0,265.25,2026-02-20 07:53:02.000,2026-02-20 07:53:02.607,2026-02-20 07:53:02,1.0,0
1421740,0000-FCFB-0ABF-1388,1,239.6,0.832,160.3,0.8,50.0,265.25,2026-02-20 07:53:03.000,2026-02-20 07:53:17.609,2026-02-20 07:53:03,1.0,0
1421743,0000-FCFB-0ABF-1388,1,239.9,0.832,160.2,0.8,50.0,265.25,2026-02-20 07:53:04.000,2026-02-20 07:53:17.609,2026-02-20 07:53:04,1.0,0
1421746,0000-FCFB-0ABF-1388,1,239.9,0.83,160.1,0.8,50.0,265.25,2026-02-20 07:53:05.000,2026-02-20 07:53:17.609,2026-02-20 07:53:05,1.0,0
1421749,0000-FCFB-0ABF-1388,1,239.9,0.83,160.1,0.8,50.0,265.25,2026-02-20 07:53:06.000,2026-02-20 07:53:17.609,2026-02-20 07:53:06,1.0,0
1421752,0000-FCFB-0ABF-1388,1,239.9,0.83,160.1,0.8,50.0,265.25,2026-02-20 07:53:07.000,2026-02-20 07:53:17.609,2026-02-20 07:53:07,1.0,0
1421755,0000-FCFB-0ABF-1388,1,239.8,0.83,160.0,0.8,50.0,265.25,2026-02-20 07:53:08.000,2026-02-20 07:53:17.609,2026-02-20 07:53:08,1.0,0
1421758,0000-FCFB-0ABF-1388,1,239.7,0.83,160.0,0.8,50.0,265.25,2026-02-20 07:53:09.000,2026-02-20 07:53:17.609,2026-02-20 07:53:09,1.0,0
1421761,0000-FCFB-0ABF-1388,1,239.7,0.831,159.9,0.8,50.0,265.25,2026-02-20 07:53:10.000,2026-02-20 07:53:17.609,2026-02-20 07:53:10,1.0,0
1421764,0000-FCFB-0ABF-1388,1,240.0,0.829,160.0,0.8,50.0,265.25,2026-02-20 07:53:11.000,2026-02-20 07:53:17.609,2026-02-20 07:53:11,1.0,0
1421767,0000-FCFB-0ABF-1388,1,240.0,0.829,160.0,0.8,50.0,265.25,2026-02-20 07:53:12.000,2026-02-20 07:53:17.609,2026-02-20 07:53:12,1.0,0
1421770,0000-FCFB-0ABF-1388,1,240.2,0.827,160.1,0.81,50.0,265.25,2026-02-20 07:53:13.000,2026-02-20 07:53:17.609,2026-02-20 07:53:13,1.0,0
1421773,0000-FCFB-0ABF-1388,1,240.4,0.829,159.9,0.8,50.0,265.25,2026-02-20 07:53:14.000,2026-02-20 07:53:17.609,2026-02-20 07:53:14,1.0,0
1421776,0000-FCFB-0ABF-1388,1,240.6,0.83,159.9,0.8,50.0,265.25,2026-02-20 07:53:15.000,2026-02-20 07:53:17.609,2026-02-20 07:53:15,1.0,0
1421779,0000-FCFB-0ABF-1388,1,240.6,0.83,159.9,0.8,50.0,265.26,2026-02-20 07:53:16.000,2026-02-20 07:53:17.609,2026-02-20 07:53:16,1.0,0
1421782,0000-FCFB-0ABF-1388,1,240.5,0.828,159.9,0.8,50.0,265.26,2026-02-20 07:53:17.000,2026-02-20 07:53:17.609,2026-02-20 07:53:17,1.0,0
1421830,0000-FCFB-0ABF-1388,1,240.4,0.83,159.8,0.8,50.0,265.26,2026-02-20 07:53:18.000,2026-02-20 07:53:32.611,2026-02-20 07:53:18,1.0,0
1421833,0000-FCFB-0ABF-1388,1,240.4,0.83,159.8,0.8,50.0,265.26,2026-02-20 07:53:19.000,2026-02-20 07:53:32.611,2026-02-20 07:53:19,1.0,0
1421836,0000-FCFB-0ABF-1388,1,240.5,0.828,159.7,0.8,50.0,265.26,2026-02-20 07:53:20.000,2026-02-20 07:53:32.611,2026-02-20 07:53:20,1.0,0
1421839,0000-FCFB-0ABF-1388,1,240.5,0.828,159.7,0.8,50.0,265.26,2026-02-20 07:53:21.000,2026-02-20 07:53:32.611,2026-02-20 07:53:21,1.0,0
1421842,0000-FCFB-0ABF-1388,1,240.6,0.828,159.8,0.8,50.0,265.26,2026-02-20 07:53:22.000,2026-02-20 07:53:32.611,2026-02-20 07:53:22,1.0,0
1421845,0000-FCFB-0ABF-1388,1,240.6,0.829,159.9,0.8,50.0,265.26,2026-02-20 07:53:23.000,2026-02-20 07:53:32.611,2026-02-20 07:53:23,1.0,0
1421848,0000-FCFB-0ABF-1388,1,240.6,0.827,159.8,0.8,50.0,265.26,2026-02-20 07:53:24.000,2026-02-20 07:53:32.611,2026-02-20 07:53:24,1.0,0
1421851,0000-FCFB-0ABF-1388,1,240.6,0.827,159.8,0.8,50.0,265.26,2026-02-20 07:53:25.000,2026-02-20 07:53:32.611,2026-02-20 07:53:25,1.0,0
1421854,0000-FCFB-0ABF-1388,1,240.6,0.827,159.8,0.8,50.0,265.26,2026-02-20 07:53:26.000,2026-02-20 07:53:32.611,2026-02-20 07:53:26,1.0,0
1421857,0000-FCFB-0ABF-1388,1,240.5,0.826,159.7,0.8,50.0,265.26,2026-02-20 07:53:27.000,2026-02-20 07:53:32.611,2026-02-20 07:53:27,1.0,0
1421860,0000-FCFB-0ABF-1388,1,240.6,0.824,159.7,0.81,50.0,265.26,2026-02-20 07:53:28.000,2026-02-20 07:53:32.611,2026-02-20 07:53:28,1.0,0
1421863,0000-FCFB-0ABF-1388,1,240.6,0.826,160.0,0.81,50.0,265.26,2026-02-20 07:53:29.000,2026-02-20 07:53:32.611,2026-02-20 07:53:29,1.0,0
1421866,0000-FCFB-0ABF-1388,1,240.6,0.826,160.0,0.81,50.0,265.26,2026-02-20 07:53:30.000,2026-02-20 07:53:32.611,2026-02-20 07:53:30,1.0,0
1421869,0000-FCFB-0ABF-1388,1,240.6,0.827,160.2,0.81,50.0,265.26,2026-02-20 07:53:31.000,2026-02-20 07:53:32.611,2026-02-20 07:53:31,1.0,0
1421872,0000-FCFB-0ABF-1388,1,240.7,0.826,160.2,0.81,50.0,265.26,2026-02-20 07:53:32.000,2026-02-20 07:53:32.611,2026-02-20 07:53:32,1.0,0
1421920,0000-FCFB-0ABF-1388,1,240.5,0.826,160.0,0.81,50.0,265.26,2026-02-20 07:53:33.000,2026-02-20 07:53:47.767,2026-02-20 07:53:33,1.0,0
1421923,0000-FCFB-0ABF-1388,1,240.5,0.826,160.0,0.81,50.0,265.26,2026-02-20 07:53:34.000,2026-02-20 07:53:47.767,2026-02-20 07:53:34,1.0,0
1421926,0000-FCFB-0ABF-1388,1,240.5,0.825,159.9,0.81,50.0,265.26,2026-02-20 07:53:35.000,2026-02-20 07:53:47.767,2026-02-20 07:53:35,1.0,0
1421929,0000-FCFB-0ABF-1388,1,240.6,0.824,159.9,0.81,50.0,265.26,2026-02-20 07:53:36.000,2026-02-20 07:53:47.767,2026-02-20 07:53:36,1.0,0
1421932,0000-FCFB-0ABF-1388,1,240.5,0.824,159.9,0.81,50.0,265.26,2026-02-20 07:53:37.000,2026-02-20 07:53:47.767,2026-02-20 07:53:37,1.0,0
1421935,0000-FCFB-0ABF-1388,1,240.4,0.824,159.8,0.81,50.0,265.26,2026-02-20 07:53:38.000,2026-02-20 07:53:47.767,2026-02-20 07:53:38,1.0,0
1421938,0000-FCFB-0ABF-1388,1,240.4,0.824,159.8,0.81,50.0,265.26,2026-02-20 07:53:39.000,2026-02-20 07:53:47.767,2026-02-20 07:53:39,1.0,0
1421941,0000-FCFB-0ABF-1388,1,240.4,0.823,159.8,0.81,50.0,265.26,2026-02-20 07:53:40.000,2026-02-20 07:53:47.767,2026-02-20 07:53:40,1.0,0
1421944,0000-FCFB-0ABF-1388,1,240.3,0.823,159.7,0.81,50.0,265.26,2026-02-20 07:53:41.000,2026-02-20 07:53:47.767,2026-02-20 07:53:41,1.0,0
1421947,0000-FCFB-0ABF-1388,1,240.4,0.822,159.7,0.81,50.0,265.26,2026-02-20 07:53:42.000,2026-02-20 07:53:47.767,2026-02-20 07:53:42,1.0,0
1421950,0000-FCFB-0ABF-1388,1,240.3,0.824,159.7,0.81,50.0,265.26,2026-02-20 07:53:43.000,2026-02-20 07:53:47.767,2026-02-20 07:53:43,1.0,0
1421953,0000-FCFB-0ABF-1388,1,240.3,0.824,159.7,0.81,50.0,265.26,2026-02-20 07:53:44.000,2026-02-20 07:53:47.767,2026-02-20 07:53:44,1.0,0
1421956,0000-FCFB-0ABF-1388,1,240.3,0.821,159.7,0.81,50.0,265.26,2026-02-20 07:53:45.000,2026-02-20 07:53:47.767,2026-02-20 07:53:45,1.0,0
1421959,0000-FCFB-0ABF-1388,1,240.2,0.818,159.5,0.81,50.0,265.26,2026-02-20 07:53:46.000,2026-02-20 07:53:47.767,2026-02-20 07:53:46,1.0,0
1421962,0000-FCFB-0ABF-1388,1,240.2,0.818,159.6,0.81,50.0,265.26,2026-02-20 07:53:47.000,2026-02-20 07:53:47.767,2026-02-20 07:53:47,1.0,0
1422010,0000-FCFB-0ABF-1388,1,240.1,0.818,159.5,0.81,50.0,265.26,2026-02-20 07:53:48.000,2026-02-20 07:54:02.743,2026-02-20 07:53:48,1.0,0
1422013,0000-FCFB-0ABF-1388,1,240.1,0.818,159.5,0.81,50.0,265.26,2026-02-20 07:53:49.000,2026-02-20 07:54:02.743,2026-02-20 07:53:49,1.0,0
1422016,0000-FCFB-0ABF-1388,1,240.1,0.819,159.6,0.81,50.0,265.26,2026-02-20 07:53:50.000,2026-02-20 07:54:02.743,2026-02-20 07:53:50,1.0,0
1422019,0000-FCFB-0ABF-1388,1,240.0,0.821,159.6,0.81,50.0,265.26,2026-02-20 07:53:51.000,2026-02-20 07:54:02.743,2026-02-20 07:53:51,1.0,0
1422022,0000-FCFB-0ABF-1388,1,240.0,0.821,159.4,0.81,50.0,265.26,2026-02-20 07:53:52.000,2026-02-20 07:54:02.743,2026-02-20 07:53:52,1.0,0
1422025,0000-FCFB-0ABF-1388,1,240.0,0.821,159.4,0.81,50.0,265.26,2026-02-20 07:53:53.000,2026-02-20 07:54:02.743,2026-02-20 07:53:53,1.0,0
1422028,0000-FCFB-0ABF-1388,1,240.0,0.822,159.6,0.81,50.0,265.26,2026-02-20 07:53:54.000,2026-02-20 07:54:02.743,2026-02-20 07:53:54,1.0,0
1422031,0000-FCFB-0ABF-1388,1,240.0,0.821,159.7,0.81,50.0,265.26,2026-02-20 07:53:55.000,2026-02-20 07:54:02.743,2026-02-20 07:53:55,1.0,0
1422034,0000-FCFB-0ABF-1388,1,240.2,0.82,159.8,0.81,50.0,265.26,2026-02-20 07:53:56.000,2026-02-20 07:54:02.743,2026-02-20 07:53:56,1.0,0
1422037,0000-FCFB-0ABF-1388,1,240.3,0.82,159.7,0.81,50.0,265.26,2026-02-20 07:53:57.000,2026-02-20 07:54:02.743,2026-02-20 07:53:57,1.0,0
1422040,0000-FCFB-0ABF-1388,1,240.3,0.82,159.7,0.81,50.0,265.26,2026-02-20 07:53:58.000,2026-02-20 07:54:02.743,2026-02-20 07:53:58,1.0,0
1422043,0000-FCFB-0ABF-1388,1,240.3,0.819,159.6,0.81,50.0,265.26,2026-02-20 07:53:59.000,2026-02-20 07:54:02.743,2026-02-20 07:53:59,1.0,0
1422046,0000-FCFB-0ABF-1388,1,240.3,0.818,159.5,0.81,50.0,265.26,2026-02-20 07:54:00.000,2026-02-20 07:54:02.743,2026-02-20 07:54:00,1.0,0
1422049,0000-FCFB-0ABF-1388,1,240.2,0.818,159.7,0.81,50.0,265.26,2026-02-20 07:54:01.000,2026-02-20 07:54:02.743,2026-02-20 07:54:01,1.0,0
1422052,0000-FCFB-0ABF-1388,1,240.2,0.818,159.7,0.81,50.0,265.26,2026-02-20 07:54:02.000,2026-02-20 07:54:02.743,2026-02-20 07:54:02,1.0,0
1422094,0000-FCFB-0ABF-1388,1,240.2,0.816,159.6,0.81,50.0,265.26,2026-02-20 07:54:03.000,2026-02-20 07:54:17.766,2026-02-20 07:54:03,1.0,0
1422097,0000-FCFB-0ABF-1388,1,240.1,0.818,159.6,0.81,50.0,265.26,2026-02-20 07:54:04.000,2026-02-20 07:54:17.766,2026-02-20 07:54:04,1.0,0
1422100,0000-FCFB-0ABF-1388,1,240.1,0.817,159.5,0.81,50.0,265.26,2026-02-20 07:54:05.000,2026-02-20 07:54:17.766,2026-02-20 07:54:05,1.0,0
1422103,0000-FCFB-0ABF-1388,1,240.1,0.818,159.4,0.81,50.0,265.26,2026-02-20 07:54:06.000,2026-02-20 07:54:17.766,2026-02-20 07:54:06,1.0,0
1422106,0000-FCFB-0ABF-1388,1,240.1,0.818,159.4,0.81,50.0,265.26,2026-02-20 07:54:07.000,2026-02-20 07:54:17.766,2026-02-20 07:54:07,1.0,0
1422109,0000-FCFB-0ABF-1388,1,240.1,0.817,159.4,0.81,50.0,265.26,2026-02-20 07:54:08.000,2026-02-20 07:54:17.766,2026-02-20 07:54:08,1.0,0
1422112,0000-FCFB-0ABF-1388,1,240.1,0.818,159.3,0.81,50.0,265.26,2026-02-20 07:54:09.000,2026-02-20 07:54:17.766,2026-02-20 07:54:09,1.0,0
1422115,0000-FCFB-0ABF-1388,1,240.0,0.816,159.1,0.81,50.0,265.26,2026-02-20 07:54:10.000,2026-02-20 07:54:17.766,2026-02-20 07:54:10,1.0,0
1422118,0000-FCFB-0ABF-1388,1,239.8,0.82,159.4,0.81,50.0,265.26,2026-02-20 07:54:11.000,2026-02-20 07:54:17.766,2026-02-20 07:54:11,1.0,0
1422121,0000-FCFB-0ABF-1388,1,239.8,0.82,159.4,0.81,50.0,265.26,2026-02-20 07:54:12.000,2026-02-20 07:54:17.766,2026-02-20 07:54:12,1.0,0
1422124,0000-FCFB-0ABF-1388,1,239.9,0.819,159.2,0.81,50.0,265.26,2026-02-20 07:54:13.000,2026-02-20 07:54:17.766,2026-02-20 07:54:13,1.0,0
1422127,0000-FCFB-0ABF-1388,1,239.9,0.818,159.1,0.81,50.0,265.26,2026-02-20 07:54:14.000,2026-02-20 07:54:17.766,2026-02-20 07:54:14,1.0,0
1422130,0000-FCFB-0ABF-1388,1,240.0,0.82,159.5,0.81,50.0,265.26,2026-02-20 07:54:15.000,2026-02-20 07:54:17.766,2026-02-20 07:54:15,1.0,0
1422133,0000-FCFB-0ABF-1388,1,240.0,0.82,159.5,0.81,50.0,265.26,2026-02-20 07:54:16.000,2026-02-20 07:54:17.766,2026-02-20 07:54:16,1.0,0
1422136,0000-FCFB-0ABF-1388,1,240.0,0.819,159.2,0.81,50.0,265.26,2026-02-20 07:54:17.000,2026-02-20 07:54:17.766,2026-02-20 07:54:17,1.0,0
1422178,0000-FCFB-0ABF-1388,1,240.0,0.82,159.3,0.81,50.0,265.26,2026-02-20 07:54:18.000,2026-02-20 07:54:36.420,2026-02-20 07:54:18,1.0,0
1422181,0000-FCFB-0ABF-1388,1,239.9,0.821,159.5,0.81,50.0,265.26,2026-02-20 07:54:19.000,2026-02-20 07:54:36.420,2026-02-20 07:54:19,1.0,0
1422184,0000-FCFB-0ABF-1388,1,239.9,0.82,159.5,0.81,50.0,265.26,2026-02-20 07:54:20.000,2026-02-20 07:54:36.420,2026-02-20 07:54:20,1.0,0
1422187,0000-FCFB-0ABF-1388,1,239.9,0.82,159.5,0.81,50.0,265.26,2026-02-20 07:54:21.000,2026-02-20 07:54:36.420,2026-02-20 07:54:21,1.0,0
1422190,0000-FCFB-0ABF-1388,1,239.7,0.821,159.3,0.81,50.0,265.26,2026-02-20 07:54:22.000,2026-02-20 07:54:36.420,2026-02-20 07:54:22,1.0,0
1422193,0000-FCFB-0ABF-1388,1,239.6,0.822,159.4,0.81,50.0,265.26,2026-02-20 07:54:23.000,2026-02-20 07:54:36.420,2026-02-20 07:54:23,1.0,0
1422196,0000-FCFB-0ABF-1388,1,239.8,0.821,159.4,0.81,50.0,265.26,2026-02-20 07:54:24.000,2026-02-20 07:54:36.420,2026-02-20 07:54:24,1.0,0
1422199,0000-FCFB-0ABF-1388,1,239.8,0.821,159.4,0.81,50.0,265.26,2026-02-20 07:54:25.000,2026-02-20 07:54:36.420,2026-02-20 07:54:25,1.0,0
1422202,0000-FCFB-0ABF-1388,1,239.8,0.822,159.4,0.81,50.0,265.26,2026-02-20 07:54:26.000,2026-02-20 07:54:36.420,2026-02-20 07:54:26,1.0,0
1422205,0000-FCFB-0ABF-1388,1,239.5,0.823,159.4,0.81,50.0,265.26,2026-02-20 07:54:27.000,2026-02-20 07:54:36.420,2026-02-20 07:54:27,1.0,0
1422208,0000-FCFB-0ABF-1388,1,238.6,0.828,159.1,0.81,50.0,265.26,2026-02-20 07:54:28.000,2026-02-20 07:54:36.420,2026-02-20 07:54:28,1.0,0
1422211,0000-FCFB-0ABF-1388,1,238.4,0.828,159.0,0.81,50.0,265.26,2026-02-20 07:54:29.000,2026-02-20 07:54:36.420,2026-02-20 07:54:29,1.0,0
1422214,0000-FCFB-0ABF-1388,1,238.4,0.828,159.0,0.81,50.0,265.26,2026-02-20 07:54:30.000,2026-02-20 07:54:36.420,2026-02-20 07:54:30,1.0,0
1422217,0000-FCFB-0ABF-1388,1,239.8,0.822,159.1,0.81,50.0,265.26,2026-02-20 07:54:31.000,2026-02-20 07:54:36.420,2026-02-20 07:54:31,1.0,0
1422220,0000-FCFB-0ABF-1388,1,239.7,0.824,159.3,0.81,50.0,265.26,2026-02-20 07:54:32.000,2026-02-20 07:54:36.420,2026-02-20 07:54:32,1.0,0
1422223,0000-FCFB-0ABF-1388,1,239.6,0.825,159.4,0.81,50.0,265.26,2026-02-20 07:54:37.000,2026-02-20 07:54:47.791,2026-02-20 07:54:37,5.0,0
1422226,0000-FCFB-0ABF-1388,1,239.8,0.823,159.4,0.81,50.0,265.26,2026-02-20 07:54:38.000,2026-02-20 07:54:47.791,2026-02-20 07:54:38,1.0,0
1422229,0000-FCFB-0ABF-1388,1,239.9,0.822,159.2,0.81,50.0,265.26,2026-02-20 07:54:39.000,2026-02-20 07:54:47.791,2026-02-20 07:54:39,1.0,0
1422232,0000-FCFB-0ABF-1388,1,239.9,0.822,159.2,0.81,50.0,265.26,2026-02-20 07:54:40.000,2026-02-20 07:54:47.791,2026-02-20 07:54:40,1.0,0
1422235,0000-FCFB-0ABF-1388,1,239.8,0.822,159.4,0.81,50.0,265.26,2026-02-20 07:54:41.000,2026-02-20 07:54:47.791,2026-02-20 07:54:41,1.0,0
1422238,0000-FCFB-0ABF-1388,1,239.9,0.822,159.4,0.81,50.0,265.26,2026-02-20 07:54:42.000,2026-02-20 07:54:47.791,2026-02-20 07:54:42,1.0,0
1422241,0000-FCFB-0ABF-1388,1,240.0,0.821,159.2,0.81,50.0,265.26,2026-02-20 07:54:43.000,2026-02-20 07:54:47.791,2026-02-20 07:54:43,1.0,0
1422244,0000-FCFB-0ABF-1388,1,239.9,0.822,159.3,0.81,50.0,265.26,2026-02-20 07:54:44.000,2026-02-20 07:54:47.791,2026-02-20 07:54:44,1.0,0
1422247,0000-FCFB-0ABF-1388,1,239.9,0.822,159.3,0.81,50.0,265.26,2026-02-20 07:54:45.000,2026-02-20 07:54:47.791,2026-02-20 07:54:45,1.0,0
1422250,0000-FCFB-0ABF-1388,1,239.9,0.821,159.2,0.81,50.0,265.26,2026-02-20 07:54:46.000,2026-02-20 07:54:47.791,2026-02-20 07:54:46,1.0,0
1422298,0000-FCFB-0ABF-1388,1,239.8,0.823,159.3,0.81,50.0,265.26,2026-02-20 07:54:48.000,2026-02-20 07:55:02.803,2026-02-20 07:54:48,2.0,0
1422301,0000-FCFB-0ABF-1388,1,239.9,0.822,159.2,0.81,50.0,265.26,2026-02-20 07:54:49.000,2026-02-20 07:55:02.803,2026-02-20 07:54:49,1.0,0
1422304,0000-FCFB-0ABF-1388,1,239.8,0.824,159.1,0.81,50.0,265.26,2026-02-20 07:54:50.000,2026-02-20 07:55:02.803,2026-02-20 07:54:50,1.0,0
1422307,0000-FCFB-0ABF-1388,1,239.5,0.826,159.2,0.8,50.0,265.26,2026-02-20 07:54:51.000,2026-02-20 07:55:02.803,2026-02-20 07:54:51,1.0,0
1422310,0000-FCFB-0ABF-1388,1,239.2,0.83,159.2,0.8,50.0,265.26,2026-02-20 07:54:52.000,2026-02-20 07:55:02.803,2026-02-20 07:54:52,1.0,0
1422313,0000-FCFB-0ABF-1388,1,239.2,0.83,159.2,0.8,50.0,265.26,2026-02-20 07:54:53.000,2026-02-20 07:55:02.803,2026-02-20 07:54:53,1.0,0
1422316,0000-FCFB-0ABF-1388,1,239.0,0.829,159.0,0.8,50.0,265.26,2026-02-20 07:54:54.000,2026-02-20 07:55:02.803,2026-02-20 07:54:54,1.0,0
1422319,0000-FCFB-0ABF-1388,1,238.9,0.829,158.9,0.8,50.0,265.26,2026-02-20 07:54:55.000,2026-02-20 07:55:02.803,2026-02-20 07:54:55,1.0,0
1422322,0000-FCFB-0ABF-1388,1,239.0,0.83,159.0,0.8,50.0,265.26,2026-02-20 07:54:56.000,2026-02-20 07:55:02.803,2026-02-20 07:54:56,1.0,0
1422325,0000-FCFB-0ABF-1388,1,239.0,0.83,159.0,0.8,50.0,265.26,2026-02-20 07:54:57.000,2026-02-20 07:55:02.803,2026-02-20 07:54:57,1.0,0
1422328,0000-FCFB-0ABF-1388,1,239.0,0.829,158.9,0.8,50.0,265.26,2026-02-20 07:54:58.000,2026-02-20 07:55:02.803,2026-02-20 07:54:58,1.0,0
1422331,0000-FCFB-0ABF-1388,1,238.9,0.829,158.9,0.8,50.0,265.26,2026-02-20 07:54:59.000,2026-02-20 07:55:02.803,2026-02-20 07:54:59,1.0,0
1422334,0000-FCFB-0ABF-1388,1,238.8,0.829,159.0,0.8,50.0,265.26,2026-02-20 07:55:00.000,2026-02-20 07:55:02.803,2026-02-20 07:55:00,1.0,0
1422337,0000-FCFB-0ABF-1388,1,238.8,0.829,159.0,0.8,50.0,265.26,2026-02-20 07:55:01.000,2026-02-20 07:55:02.803,2026-02-20 07:55:01,1.0,0
1422340,0000-FCFB-0ABF-1388,1,238.9,0.828,159.1,0.8,50.0,265.26,2026-02-20 07:55:02.000,2026-02-20 07:55:02.803,2026-02-20 07:55:02,1.0,0
1422388,0000-FCFB-0ABF-1388,1,239.0,0.824,158.9,0.81,50.0,265.26,2026-02-20 07:55:03.000,2026-02-20 07:55:17.791,2026-02-20 07:55:03,1.0,0
1422391,0000-FCFB-0ABF-1388,1,238.6,0.827,159.0,0.81,50.0,265.26,2026-02-20 07:55:04.000,2026-02-20 07:55:17.791,2026-02-20 07:55:04,1.0,0
1422394,0000-FCFB-0ABF-1388,1,238.8,0.826,159.0,0.81,50.0,265.26,2026-02-20 07:55:05.000,2026-02-20 07:55:17.791,2026-02-20 07:55:05,1.0,0
1422397,0000-FCFB-0ABF-1388,1,238.7,0.828,159.0,0.8,50.0,265.26,2026-02-20 07:55:06.000,2026-02-20 07:55:17.791,2026-02-20 07:55:06,1.0,0
1422400,0000-FCFB-0ABF-1388,1,238.7,0.828,159.0,0.8,50.0,265.26,2026-02-20 07:55:07.000,2026-02-20 07:55:17.791,2026-02-20 07:55:07,1.0,0
1422403,0000-FCFB-0ABF-1388,1,238.6,0.828,158.9,0.8,50.0,265.26,2026-02-20 07:55:08.000,2026-02-20 07:55:17.791,2026-02-20 07:55:08,1.0,0
1422406,0000-FCFB-0ABF-1388,1,238.7,0.828,159.0,0.8,50.0,265.26,2026-02-20 07:55:09.000,2026-02-20 07:55:17.791,2026-02-20 07:55:09,1.0,0
1422409,0000-FCFB-0ABF-1388,1,238.8,0.828,158.9,0.8,50.0,265.26,2026-02-20 07:55:10.000,2026-02-20 07:55:17.791,2026-02-20 07:55:10,1.0,0
1422412,0000-FCFB-0ABF-1388,1,238.8,0.828,158.9,0.8,50.0,265.26,2026-02-20 07:55:11.000,2026-02-20 07:55:17.791,2026-02-20 07:55:11,1.0,0
1422415,0000-FCFB-0ABF-1388,1,238.8,0.827,158.8,0.8,50.0,265.26,2026-02-20 07:55:12.000,2026-02-20 07:55:17.791,2026-02-20 07:55:12,1.0,0
1422418,0000-FCFB-0ABF-1388,1,238.6,0.92,183.2,0.83,50.0,265.26,2026-02-20 07:55:13.000,2026-02-20 07:55:17.791,2026-02-20 07:55:13,1.0,0
1422421,0000-FCFB-0ABF-1388,1,238.6,1.08,230.7,0.9,50.0,265.26,2026-02-20 07:55:14.000,2026-02-20 07:55:17.791,2026-02-20 07:55:14,1.0,0
1422424,0000-FCFB-0ABF-1388,1,238.5,1.071,228.1,0.89,50.0,265.26,2026-02-20 07:55:15.000,2026-02-20 07:55:17.791,2026-02-20 07:55:15,1.0,0
1422427,0000-FCFB-0ABF-1388,1,238.5,1.071,228.1,0.89,50.0,265.26,2026-02-20 07:55:16.000,2026-02-20 07:55:17.791,2026-02-20 07:55:16,1.0,0
1422430,0000-FCFB-0ABF-1388,1,238.5,1.047,221.6,0.89,50.0,265.26,2026-02-20 07:55:17.000,2026-02-20 07:55:17.791,2026-02-20 07:55:17,1.0,0
1422478,0000-FCFB-0ABF-1388,1,238.5,1.02,214.4,0.88,50.0,265.26,2026-02-20 07:55:18.000,2026-02-20 07:55:32.794,2026-02-20 07:55:18,1.0,0
1422481,0000-FCFB-0ABF-1388,1,238.4,1.004,209.8,0.88,50.0,265.26,2026-02-20 07:55:19.000,2026-02-20 07:55:32.794,2026-02-20 07:55:19,1.0,0
1422484,0000-FCFB-0ABF-1388,1,238.4,1.004,209.8,0.88,50.0,265.26,2026-02-20 07:55:20.000,2026-02-20 07:55:32.794,2026-02-20 07:55:20,1.0,0
1422487,0000-FCFB-0ABF-1388,1,238.3,0.995,207.4,0.87,50.0,265.26,2026-02-20 07:55:21.000,2026-02-20 07:55:32.794,2026-02-20 07:55:21,1.0,0
1422490,0000-FCFB-0ABF-1388,1,238.3,0.987,205.0,0.87,50.0,265.26,2026-02-20 07:55:22.000,2026-02-20 07:55:32.794,2026-02-20 07:55:22,1.0,0
1422493,0000-FCFB-0ABF-1388,1,238.3,0.987,204.6,0.87,50.0,265.26,2026-02-20 07:55:23.000,2026-02-20 07:55:32.794,2026-02-20 07:55:23,1.0,0
1422496,0000-FCFB-0ABF-1388,1,238.4,0.986,204.8,0.87,50.0,265.26,2026-02-20 07:55:24.000,2026-02-20 07:55:32.794,2026-02-20 07:55:24,1.0,0
1422499,0000-FCFB-0ABF-1388,1,238.4,0.986,204.8,0.87,50.0,265.26,2026-02-20 07:55:25.000,2026-02-20 07:55:32.794,2026-02-20 07:55:25,1.0,0
1422502,0000-FCFB-0ABF-1388,1,238.3,0.987,204.6,0.87,50.0,265.26,2026-02-20 07:55:26.000,2026-02-20 07:55:32.794,2026-02-20 07:55:26,1.0,0
1422505,0000-FCFB-0ABF-1388,1,238.3,0.986,204.5,0.87,50.0,265.26,2026-02-20 07:55:27.000,2026-02-20 07:55:32.794,2026-02-20 07:55:27,1.0,0
1422508,0000-FCFB-0ABF-1388,1,238.4,0.986,204.5,0.87,50.0,265.26,2026-02-20 07:55:28.000,2026-02-20 07:55:32.794,2026-02-20 07:55:28,1.0,0
1422511,0000-FCFB-0ABF-1388,1,238.4,0.986,204.5,0.87,50.0,265.26,2026-02-20 07:55:29.000,2026-02-20 07:55:32.794,2026-02-20 07:55:29,1.0,0
1422514,0000-FCFB-0ABF-1388,1,238.4,0.891,171.4,0.81,50.0,265.26,2026-02-20 07:55:30.000,2026-02-20 07:55:32.794,2026-02-20 07:55:30,1.0,0
1422517,0000-FCFB-0ABF-1388,1,238.4,0.871,163.3,0.79,50.0,265.26,2026-02-20 07:55:31.000,2026-02-20 07:55:32.794,2026-02-20 07:55:31,1.0,0
1422520,0000-FCFB-0ABF-1388,1,238.4,0.872,163.2,0.79,50.0,265.26,2026-02-20 07:55:32.000,2026-02-20 07:55:32.794,2026-02-20 07:55:32,1.0,0
1422568,0000-FCFB-0ABF-1388,1,238.5,0.871,163.2,0.79,50.0,265.26,2026-02-20 07:55:33.000,2026-02-20 07:55:51.380,2026-02-20 07:55:33,1.0,0
1422571,0000-FCFB-0ABF-1388,1,238.5,0.871,163.2,0.79,50.0,265.26,2026-02-20 07:55:34.000,2026-02-20 07:55:51.380,2026-02-20 07:55:34,1.0,0
1422574,0000-FCFB-0ABF-1388,1,238.6,0.872,163.5,0.79,50.0,265.26,2026-02-20 07:55:35.000,2026-02-20 07:55:51.380,2026-02-20 07:55:35,1.0,0
1422577,0000-FCFB-0ABF-1388,1,238.6,0.87,163.4,0.79,50.0,265.26,2026-02-20 07:55:36.000,2026-02-20 07:55:51.380,2026-02-20 07:55:36,1.0,0
1422580,0000-FCFB-0ABF-1388,1,238.7,0.871,163.5,0.79,50.0,265.26,2026-02-20 07:55:37.000,2026-02-20 07:55:51.380,2026-02-20 07:55:37,1.0,0
1422583,0000-FCFB-0ABF-1388,1,238.5,0.872,163.3,0.79,50.0,265.26,2026-02-20 07:55:38.000,2026-02-20 07:55:51.380,2026-02-20 07:55:38,1.0,0
1422586,0000-FCFB-0ABF-1388,1,238.5,0.872,163.3,0.79,50.0,265.26,2026-02-20 07:55:39.000,2026-02-20 07:55:51.380,2026-02-20 07:55:39,1.0,0
1422589,0000-FCFB-0ABF-1388,1,237.4,0.875,162.8,0.78,50.0,265.26,2026-02-20 07:55:40.000,2026-02-20 07:55:51.380,2026-02-20 07:55:40,1.0,0
1422592,0000-FCFB-0ABF-1388,1,238.0,0.874,163.3,0.79,50.0,265.26,2026-02-20 07:55:41.000,2026-02-20 07:55:51.380,2026-02-20 07:55:41,1.0,0
1422595,0000-FCFB-0ABF-1388,1,237.7,0.875,163.1,0.78,50.0,265.26,2026-02-20 07:55:42.000,2026-02-20 07:55:51.380,2026-02-20 07:55:42,1.0,0
1422598,0000-FCFB-0ABF-1388,1,237.7,0.875,163.1,0.78,50.0,265.26,2026-02-20 07:55:43.000,2026-02-20 07:55:51.380,2026-02-20 07:55:43,1.0,0
1422601,0000-FCFB-0ABF-1388,1,239.2,0.872,163.7,0.78,50.0,265.26,2026-02-20 07:55:44.000,2026-02-20 07:55:51.380,2026-02-20 07:55:44,1.0,0
1422604,0000-FCFB-0ABF-1388,1,239.0,0.873,163.5,0.78,50.0,265.26,2026-02-20 07:55:45.000,2026-02-20 07:55:51.380,2026-02-20 07:55:45,1.0,0
1422607,0000-FCFB-0ABF-1388,1,239.0,0.871,163.6,0.79,50.0,265.26,2026-02-20 07:55:46.000,2026-02-20 07:55:51.380,2026-02-20 07:55:46,1.0,0
1422610,0000-FCFB-0ABF-1388,1,239.1,0.871,163.6,0.79,50.0,265.26,2026-02-20 07:55:47.000,2026-02-20 07:55:51.380,2026-02-20 07:55:47,1.0,0
1422658,0000-FCFB-0ABF-1388,1,239.2,0.872,163.6,0.78,50.0,265.26,2026-02-20 07:55:51.000,2026-02-20 07:56:09.788,2026-02-20 07:55:51,4.0,0
1422661,0000-FCFB-0ABF-1388,1,239.2,0.873,163.7,0.78,50.0,265.26,2026-02-20 07:55:52.000,2026-02-20 07:56:09.788,2026-02-20 07:55:52,1.0,0
1422664,0000-FCFB-0ABF-1388,1,239.2,0.874,163.8,0.78,50.0,265.26,2026-02-20 07:55:53.000,2026-02-20 07:56:09.788,2026-02-20 07:55:53,1.0,0
1422667,0000-FCFB-0ABF-1388,1,239.2,0.874,163.8,0.78,50.0,265.26,2026-02-20 07:55:54.000,2026-02-20 07:56:09.788,2026-02-20 07:55:54,1.0,0
1422670,0000-FCFB-0ABF-1388,1,238.5,3.246,704.5,0.91,50.0,265.26,2026-02-20 07:55:55.000,2026-02-20 07:56:09.788,2026-02-20 07:55:55,1.0,0
1422673,0000-FCFB-0ABF-1388,1,238.0,6.484,1537.4,1.0,50.0,265.26,2026-02-20 07:55:56.000,2026-02-20 07:56:09.788,2026-02-20 07:55:56,1.0,0
1422676,0000-FCFB-0ABF-1388,1,237.1,6.449,1523.6,1.0,50.0,265.26,2026-02-20 07:55:57.000,2026-02-20 07:56:09.788,2026-02-20 07:55:57,1.0,0
1422679,0000-FCFB-0ABF-1388,1,237.7,6.443,1526.0,1.0,50.0,265.26,2026-02-20 07:55:58.000,2026-02-20 07:56:09.788,2026-02-20 07:55:58,1.0,0
1422682,0000-FCFB-0ABF-1388,1,237.7,6.443,1526.0,1.0,50.0,265.26,2026-02-20 07:55:59.000,2026-02-20 07:56:09.788,2026-02-20 07:55:59,1.0,0
1422685,0000-FCFB-0ABF-1388,1,237.5,6.42,1519.4,1.0,50.0,265.27,2026-02-20 07:56:00.000,2026-02-20 07:56:09.788,2026-02-20 07:56:00,1.0,0
1422688,0000-FCFB-0ABF-1388,1,237.2,7.438,1578.4,0.89,50.0,265.27,2026-02-20 07:56:01.000,2026-02-20 07:56:09.788,2026-02-20 07:56:01,1.0,0
1422691,0000-FCFB-0ABF-1388,1,236.0,13.221,3101.4,0.99,50.0,265.27,2026-02-20 07:56:10.000,2026-02-20 07:56:17.773,2026-02-20 07:56:10,9.0,0
1422694,0000-FCFB-0ABF-1388,1,235.9,13.637,3195.4,0.99,50.0,265.27,2026-02-20 07:56:11.000,2026-02-20 07:56:17.773,2026-02-20 07:56:11,1.0,0
1422697,0000-FCFB-0ABF-1388,1,235.9,13.645,3200.5,0.99,50.0,265.27,2026-02-20 07:56:12.000,2026-02-20 07:56:17.773,2026-02-20 07:56:12,1.0,0
1422700,0000-FCFB-0ABF-1388,1,235.8,13.621,3193.0,0.99,50.0,265.28,2026-02-20 07:56:13.000,2026-02-20 07:56:17.773,2026-02-20 07:56:13,1.0,0
1422703,0000-FCFB-0ABF-1388,1,235.9,13.639,3198.4,0.99,50.0,265.28,2026-02-20 07:56:14.000,2026-02-20 07:56:17.773,2026-02-20 07:56:14,1.0,0
1422706,0000-FCFB-0ABF-1388,1,235.9,13.639,3198.4,0.99,50.0,265.28,2026-02-20 07:56:15.000,2026-02-20 07:56:17.773,2026-02-20 07:56:15,1.0,0
1422709,0000-FCFB-0ABF-1388,1,236.0,13.455,3157.3,0.99,50.0,265.28,2026-02-20 07:56:16.000,2026-02-20 07:56:17.773,2026-02-20 07:56:16,1.0,0
1422712,0000-FCFB-0ABF-1388,1,236.0,13.31,3123.3,0.99,50.0,265.28,2026-02-20 07:56:17.000,2026-02-20 07:56:17.773,2026-02-20 07:56:17,1.0,0
1422715,0000-FCFB-0ABF-1388,1,235.9,13.253,3106.4,0.99,50.0,265.28,2026-02-20 07:56:18.000,2026-02-20 07:56:45.418,2026-02-20 07:56:18,1.0,0
1422718,0000-FCFB-0ABF-1388,1,235.9,13.253,3106.4,0.99,50.0,265.28,2026-02-20 07:56:19.000,2026-02-20 07:56:45.418,2026-02-20 07:56:19,1.0,0
1422721,0000-FCFB-0ABF-1388,1,236.0,13.204,3096.6,0.99,50.0,265.28,2026-02-20 07:56:20.000,2026-02-20 07:56:45.418,2026-02-20 07:56:20,1.0,0
1422724,0000-FCFB-0ABF-1388,1,236.0,13.163,3087.8,0.99,50.0,265.28,2026-02-20 07:56:21.000,2026-02-20 07:56:45.418,2026-02-20 07:56:21,1.0,0
1422727,0000-FCFB-0ABF-1388,1,237.0,8.741,2073.8,1.0,50.0,265.28,2026-02-20 07:56:22.000,2026-02-20 07:56:45.418,2026-02-20 07:56:22,1.0,0
1422730,0000-FCFB-0ABF-1388,1,237.2,7.533,1750.9,0.98,50.0,265.28,2026-02-20 07:56:23.000,2026-02-20 07:56:45.418,2026-02-20 07:56:23,1.0,1
1422733,0000-FCFB-0ABF-1388,1,237.2,7.533,1750.9,0.98,50.0,265.28,2026-02-20 07:56:24.000,2026-02-20 07:56:45.418,2026-02-20 07:56:24,1.0,1
1422736,0000-FCFB-0ABF-1388,1,237.2,7.491,1740.9,0.98,50.0,265.28,2026-02-20 07:56:25.000,2026-02-20 07:56:45.418,2026-02-20 07:56:25,1.0,1
1422739,0000-FCFB-0ABF-1388,1,237.2,7.447,1729.8,0.98,50.0,265.28,2026-02-20 07:56:26.000,2026-02-20 07:56:45.418,2026-02-20 07:56:26,1.0,1
1422742,0000-FCFB-0ABF-1388,1,237.2,7.4,1717.9,0.98,50.0,265.28,2026-02-20 07:56:27.000,2026-02-20 07:56:45.418,2026-02-20 07:56:27,1.0,1
1422745,0000-FCFB-0ABF-1388,1,237.3,7.364,1711.2,0.98,50.0,265.29,2026-02-20 07:56:28.000,2026-02-20 07:56:45.418,2026-02-20 07:56:28,1.0,1
1422748,0000-FCFB-0ABF-1388,1,237.3,7.364,1711.2,0.98,50.0,265.29,2026-02-20 07:56:29.000,2026-02-20 07:56:45.418,2026-02-20 07:56:29,1.0,1
1422751,0000-FCFB-0ABF-1388,1,237.4,7.344,1706.1,0.98,50.0,265.29,2026-02-20 07:56:30.000,2026-02-20 07:56:45.418,2026-02-20 07:56:30,1.0,1
1422754,0000-FCFB-0ABF-1388,1,237.4,7.329,1702.5,0.98,50.0,265.29,2026-02-20 07:56:31.000,2026-02-20 07:56:45.418,2026-02-20 07:56:31,1.0,1
1422757,0000-FCFB-0ABF-1388,1,237.3,7.311,1699.3,0.98,50.0,265.29,2026-02-20 07:56:32.000,2026-02-20 07:56:45.418,2026-02-20 07:56:32,1.0,1
1422760,0000-FCFB-0ABF-1388,1,236.9,7.23,1678.9,0.98,50.0,265.29,2026-02-20 07:56:45.000,2026-02-20 07:56:47.659,2026-02-20 07:56:45,13.0,1
1422763,0000-FCFB-0ABF-1388,1,236.8,7.24,1680.2,0.98,50.0,265.29,2026-02-20 07:56:46.000,2026-02-20 07:56:47.659,2026-02-20 07:56:46,1.0,1
1422766,0000-FCFB-0ABF-1388,1,237.0,7.244,1682.0,0.98,50.0,265.29,2026-02-20 07:56:48.000,2026-02-20 07:57:02.864,2026-02-20 07:56:48,2.0,1
1422769,0000-FCFB-0ABF-1388,1,237.0,7.244,1682.5,0.98,50.0,265.3,2026-02-20 07:56:49.000,2026-02-20 07:57:02.864,2026-02-20 07:56:49,1.0,1
1422772,0000-FCFB-0ABF-1388,1,237.0,7.251,1683.4,0.98,50.0,265.3,2026-02-20 07:56:50.000,2026-02-20 07:57:02.864,2026-02-20 07:56:50,1.0,1
1422775,0000-FCFB-0ABF-1388,1,237.0,7.251,1683.4,0.98,50.0,265.3,2026-02-20 07:56:51.000,2026-02-20 07:57:02.864,2026-02-20 07:56:51,1.0,1
1422778,0000-FCFB-0ABF-1388,1,236.9,7.255,1684.0,0.98,50.0,265.3,2026-02-20 07:56:52.000,2026-02-20 07:57:02.864,2026-02-20 07:56:52,1.0,1
1422781,0000-FCFB-0ABF-1388,1,236.8,7.256,1684.4,0.98,50.0,265.3,2026-02-20 07:56:53.000,2026-02-20 07:57:02.864,2026-02-20 07:56:53,1.0,1
1422784,0000-FCFB-0ABF-1388,1,236.6,7.262,1684.2,0.98,50.0,265.3,2026-02-20 07:56:54.000,2026-02-20 07:57:02.864,2026-02-20 07:56:54,1.0,1
1422787,0000-FCFB-0ABF-1388,1,236.6,7.273,1686.7,0.98,50.0,265.3,2026-02-20 07:56:55.000,2026-02-20 07:57:02.864,2026-02-20 07:56:55,1.0,1
1422790,0000-FCFB-0ABF-1388,1,236.6,7.273,1686.7,0.98,50.0,265.3,2026-02-20 07:56:56.000,2026-02-20 07:57:02.864,2026-02-20 07:56:56,1.0,1
1422793,0000-FCFB-0ABF-1388,1,236.7,7.274,1687.9,0.98,50.0,265.3,2026-02-20 07:56:57.000,2026-02-20 07:57:02.864,2026-02-20 07:56:57,1.0,1
1422796,0000-FCFB-0ABF-1388,1,236.6,7.281,1689.4,0.98,50.0,265.3,2026-02-20 07:56:58.000,2026-02-20 07:57:02.864,2026-02-20 07:56:58,1.0,1
1422799,0000-FCFB-0ABF-1388,1,236.6,7.293,1691.5,0.98,50.0,265.3,2026-02-20 07:56:59.000,2026-02-20 07:57:02.864,2026-02-20 07:56:59,1.0,1
1422802,0000-FCFB-0ABF-1388,1,236.6,7.293,1691.5,0.98,50.0,265.3,2026-02-20 07:57:00.000,2026-02-20 07:57:02.864,2026-02-20 07:57:00,1.0,1
1422805,0000-FCFB-0ABF-1388,1,236.6,7.297,1693.2,0.98,50.0,265.3,2026-02-20 07:57:01.000,2026-02-20 07:57:02.864,2026-02-20 07:57:01,1.0,1
1422808,0000-FCFB-0ABF-1388,1,236.6,7.307,1695.2,0.98,50.0,265.3,2026-02-20 07:57:02.000,2026-02-20 07:57:02.864,2026-02-20 07:57:02,1.0,1
1422811,0000-FCFB-0ABF-1388,1,236.5,7.319,1696.9,0.98,50.0,265.3,2026-02-20 07:57:03.000,2026-02-20 07:57:17.893,2026-02-20 07:57:03,1.0,1
1422814,0000-FCFB-0ABF-1388,1,236.7,7.331,1700.2,0.98,50.0,265.3,2026-02-20 07:57:04.000,2026-02-20 07:57:17.893,2026-02-20 07:57:04,1.0,1
1422817,0000-FCFB-0ABF-1388,1,236.8,7.339,1703.1,0.98,50.0,265.3,2026-02-20 07:57:05.000,2026-02-20 07:57:17.893,2026-02-20 07:57:05,1.0,1
1422820,0000-FCFB-0ABF-1388,1,236.8,7.339,1703.1,0.98,50.0,265.3,2026-02-20 07:57:06.000,2026-02-20 07:57:17.893,2026-02-20 07:57:06,1.0,1
1422823,0000-FCFB-0ABF-1388,1,236.9,7.349,1706.1,0.98,50.0,265.3,2026-02-20 07:57:07.000,2026-02-20 07:57:17.893,2026-02-20 07:57:07,1.0,1
1422826,0000-FCFB-0ABF-1388,1,237.0,7.357,1708.7,0.98,50.0,265.3,2026-02-20 07:57:08.000,2026-02-20 07:57:17.893,2026-02-20 07:57:08,1.0,1
1422829,0000-FCFB-0ABF-1388,1,237.0,7.357,1709.9,0.98,50.0,265.3,2026-02-20 07:57:09.000,2026-02-20 07:57:17.893,2026-02-20 07:57:09,1.0,1
1422832,0000-FCFB-0ABF-1388,1,237.0,7.357,1709.9,0.98,50.0,265.31,2026-02-20 07:57:10.000,2026-02-20 07:57:17.893,2026-02-20 07:57:10,1.0,1
1422835,0000-FCFB-0ABF-1388,1,237.1,7.363,1711.3,0.98,50.0,265.31,2026-02-20 07:57:11.000,2026-02-20 07:57:17.893,2026-02-20 07:57:11,1.0,1
1422838,0000-FCFB-0ABF-1388,1,236.9,7.371,1711.7,0.98,50.0,265.31,2026-02-20 07:57:12.000,2026-02-20 07:57:17.893,2026-02-20 07:57:12,1.0,1
1422841,0000-FCFB-0ABF-1388,1,236.9,7.376,1713.3,0.98,50.0,265.31,2026-02-20 07:57:13.000,2026-02-20 07:57:17.893,2026-02-20 07:57:13,1.0,1
1422844,0000-FCFB-0ABF-1388,1,236.8,7.38,1713.8,0.98,50.0,265.31,2026-02-20 07:57:14.000,2026-02-20 07:57:17.893,2026-02-20 07:57:14,1.0,1
1422847,0000-FCFB-0ABF-1388,1,236.8,7.38,1713.8,0.98,50.0,265.31,2026-02-20 07:57:15.000,2026-02-20 07:57:17.893,2026-02-20 07:57:15,1.0,1
1422850,0000-FCFB-0ABF-1388,1,236.8,7.386,1714.8,0.98,50.0,265.31,2026-02-20 07:57:16.000,2026-02-20 07:57:17.893,2026-02-20 07:57:16,1.0,1
1422853,0000-FCFB-0ABF-1388,1,236.8,7.389,1715.9,0.98,50.0,265.31,2026-02-20 07:57:17.000,2026-02-20 07:57:17.893,2026-02-20 07:57:17,1.0,1
1422901,0000-FCFB-0ABF-1388,1,236.8,7.392,1716.6,0.98,50.0,265.31,2026-02-20 07:57:18.000,2026-02-20 07:57:32.911,2026-02-20 07:57:18,1.0,1
1422904,0000-FCFB-0ABF-1388,1,236.8,7.392,1716.6,0.98,50.0,265.31,2026-02-20 07:57:19.000,2026-02-20 07:57:32.911,2026-02-20 07:57:19,1.0,1
1422907,0000-FCFB-0ABF-1388,1,236.8,7.4,1717.6,0.98,50.0,265.31,2026-02-20 07:57:20.000,2026-02-20 07:57:32.911,2026-02-20 07:57:20,1.0,1
1422910,0000-FCFB-0ABF-1388,1,236.9,7.397,1718.1,0.98,50.0,265.31,2026-02-20 07:57:21.000,2026-02-20 07:57:32.911,2026-02-20 07:57:21,1.0,1
1422913,0000-FCFB-0ABF-1388,1,236.9,7.394,1717.5,0.98,50.0,265.31,2026-02-20 07:57:22.000,2026-02-20 07:57:32.911,2026-02-20 07:57:22,1.0,1
1422916,0000-FCFB-0ABF-1388,1,237.0,7.399,1717.9,0.98,50.0,265.31,2026-02-20 07:57:23.000,2026-02-20 07:57:32.911,2026-02-20 07:57:23,1.0,1
1422919,0000-FCFB-0ABF-1388,1,237.0,7.399,1717.9,0.98,50.0,265.31,2026-02-20 07:57:24.000,2026-02-20 07:57:32.911,2026-02-20 07:57:24,1.0,1
1422922,0000-FCFB-0ABF-1388,1,237.1,7.389,1717.0,0.98,50.0,265.31,2026-02-20 07:57:25.000,2026-02-20 07:57:32.911,2026-02-20 07:57:25,1.0,1
1422925,0000-FCFB-0ABF-1388,1,237.3,7.384,1716.9,0.98,50.0,265.31,2026-02-20 07:57:26.000,2026-02-20 07:57:32.911,2026-02-20 07:57:26,1.0,1
1422928,0000-FCFB-0ABF-1388,1,237.3,7.379,1716.4,0.98,50.0,265.31,2026-02-20 07:57:27.000,2026-02-20 07:57:32.911,2026-02-20 07:57:27,1.0,1
1422931,0000-FCFB-0ABF-1388,1,237.4,7.372,1716.0,0.98,50.0,265.31,2026-02-20 07:57:28.000,2026-02-20 07:57:32.911,2026-02-20 07:57:28,1.0,1
1422934,0000-FCFB-0ABF-1388,1,237.4,7.372,1716.0,0.98,50.0,265.31,2026-02-20 07:57:29.000,2026-02-20 07:57:32.911,2026-02-20 07:57:29,1.0,1
1422937,0000-FCFB-0ABF-1388,1,237.4,7.375,1715.8,0.98,50.0,265.31,2026-02-20 07:57:30.000,2026-02-20 07:57:32.911,2026-02-20 07:57:30,1.0,1
1422940,0000-FCFB-0ABF-1388,1,236.7,7.384,1713.4,0.98,50.0,265.32,2026-02-20 07:57:31.000,2026-02-20 07:57:32.911,2026-02-20 07:57:31,1.0,1
1422943,0000-FCFB-0ABF-1388,1,236.5,7.389,1714.3,0.98,50.0,265.32,2026-02-20 07:57:32.000,2026-02-20 07:57:32.911,2026-02-20 07:57:32,1.0,1
1422991,0000-FCFB-0ABF-1388,1,236.5,7.389,1714.3,0.98,50.0,265.32,2026-02-20 07:57:33.000,2026-02-20 07:57:47.905,2026-02-20 07:57:33,1.0,1
1422994,0000-FCFB-0ABF-1388,1,237.0,7.386,1716.0,0.98,50.0,265.32,2026-02-20 07:57:34.000,2026-02-20 07:57:47.905,2026-02-20 07:57:34,1.0,1
1422997,0000-FCFB-0ABF-1388,1,236.9,7.389,1716.3,0.98,50.0,265.32,2026-02-20 07:57:35.000,2026-02-20 07:57:47.905,2026-02-20 07:57:35,1.0,1
1423000,0000-FCFB-0ABF-1388,1,236.9,7.392,1717.0,0.98,50.0,265.32,2026-02-20 07:57:36.000,2026-02-20 07:57:47.905,2026-02-20 07:57:36,1.0,1
1423003,0000-FCFB-0ABF-1388,1,236.9,7.393,1716.8,0.98,50.0,265.32,2026-02-20 07:57:37.000,2026-02-20 07:57:47.905,2026-02-20 07:57:37,1.0,1
1423006,0000-FCFB-0ABF-1388,1,236.9,7.393,1716.8,0.98,50.0,265.32,2026-02-20 07:57:38.000,2026-02-20 07:57:47.905,2026-02-20 07:57:38,1.0,1
1423009,0000-FCFB-0ABF-1388,1,237.0,7.394,1718.1,0.98,50.0,265.32,2026-02-20 07:57:39.000,2026-02-20 07:57:47.905,2026-02-20 07:57:39,1.0,1
1423012,0000-FCFB-0ABF-1388,1,237.8,7.386,1721.0,0.98,50.0,265.32,2026-02-20 07:57:40.000,2026-02-20 07:57:47.905,2026-02-20 07:57:40,1.0,1
1423015,0000-FCFB-0ABF-1388,1,238.0,7.382,1721.0,0.98,50.0,265.32,2026-02-20 07:57:41.000,2026-02-20 07:57:47.905,2026-02-20 07:57:41,1.0,1
1423018,0000-FCFB-0ABF-1388,1,238.0,7.382,1721.0,0.98,50.0,265.32,2026-02-20 07:57:42.000,2026-02-20 07:57:47.905,2026-02-20 07:57:42,1.0,1
1423021,0000-FCFB-0ABF-1388,1,238.0,7.383,1720.8,0.98,50.0,265.32,2026-02-20 07:57:43.000,2026-02-20 07:57:47.905,2026-02-20 07:57:43,1.0,1
1423024,0000-FCFB-0ABF-1388,1,238.0,7.374,1719.3,0.98,50.0,265.32,2026-02-20 07:57:44.000,2026-02-20 07:57:47.905,2026-02-20 07:57:44,1.0,1
1423027,0000-FCFB-0ABF-1388,1,238.1,7.369,1718.3,0.98,50.0,265.32,2026-02-20 07:57:45.000,2026-02-20 07:57:47.905,2026-02-20 07:57:45,1.0,1
1423030,0000-FCFB-0ABF-1388,1,238.1,7.369,1718.5,0.98,50.0,265.32,2026-02-20 07:57:46.000,2026-02-20 07:57:47.905,2026-02-20 07:57:46,1.0,1
1423033,0000-FCFB-0ABF-1388,1,238.1,7.369,1718.5,0.98,50.0,265.32,2026-02-20 07:57:47.000,2026-02-20 07:57:47.905,2026-02-20 07:57:47,1.0,1
1423078,0000-FCFB-0ABF-1388,1,238.0,7.361,1716.9,0.98,50.0,265.32,2026-02-20 07:57:48.000,2026-02-20 07:58:02.928,2026-02-20 07:57:48,1.0,1
1423081,0000-FCFB-0ABF-1388,1,238.0,7.362,1716.0,0.98,50.0,265.32,2026-02-20 07:57:49.000,2026-02-20 07:58:02.928,2026-02-20 07:57:49,1.0,1
1423084,0000-FCFB-0ABF-1388,1,237.9,7.361,1715.1,0.98,50.0,265.32,2026-02-20 07:57:50.000,2026-02-20 07:58:02.928,2026-02-20 07:57:50,1.0,1
1423087,0000-FCFB-0ABF-1388,1,237.9,7.361,1715.1,0.98,50.0,265.32,2026-02-20 07:57:51.000,2026-02-20 07:58:02.928,2026-02-20 07:57:51,1.0,1
1423090,0000-FCFB-0ABF-1388,1,238.0,7.36,1714.9,0.98,50.0,265.33,2026-02-20 07:57:52.000,2026-02-20 07:58:02.928,2026-02-20 07:57:52,1.0,1
1423093,0000-FCFB-0ABF-1388,1,237.0,7.363,1710.2,0.98,50.0,265.33,2026-02-20 07:57:53.000,2026-02-20 07:58:02.928,2026-02-20 07:57:53,1.0,1
1423096,0000-FCFB-0ABF-1388,1,237.9,7.356,1713.4,0.98,50.0,265.33,2026-02-20 07:57:54.000,2026-02-20 07:58:02.928,2026-02-20 07:57:54,1.0,1
1423099,0000-FCFB-0ABF-1388,1,237.8,7.356,1713.3,0.98,50.0,265.33,2026-02-20 07:57:55.000,2026-02-20 07:58:02.928,2026-02-20 07:57:55,1.0,1
1423102,0000-FCFB-0ABF-1388,1,237.8,7.356,1713.3,0.98,50.0,265.33,2026-02-20 07:57:56.000,2026-02-20 07:58:02.928,2026-02-20 07:57:56,1.0,1
1423105,0000-FCFB-0ABF-1388,1,236.9,7.358,1708.2,0.98,50.0,265.33,2026-02-20 07:57:57.000,2026-02-20 07:58:02.928,2026-02-20 07:57:57,1.0,1
1423108,0000-FCFB-0ABF-1388,1,238.0,7.353,1713.9,0.98,50.0,265.33,2026-02-20 07:57:58.000,2026-02-20 07:58:02.928,2026-02-20 07:57:58,1.0,1
1423111,0000-FCFB-0ABF-1388,1,238.0,7.349,1713.2,0.98,50.0,265.33,2026-02-20 07:57:59.000,2026-02-20 07:58:02.928,2026-02-20 07:57:59,1.0,1
1423114,0000-FCFB-0ABF-1388,1,238.0,7.351,1713.4,0.98,50.0,265.33,2026-02-20 07:58:00.000,2026-02-20 07:58:02.928,2026-02-20 07:58:00,1.0,1
1423117,0000-FCFB-0ABF-1388,1,238.0,7.351,1713.4,0.98,50.0,265.33,2026-02-20 07:58:01.000,2026-02-20 07:58:02.928,2026-02-20 07:58:01,1.0,1
1423120,0000-FCFB-0ABF-1388,1,237.8,7.351,1712.9,0.98,50.0,265.33,2026-02-20 07:58:02.000,2026-02-20 07:58:02.928,2026-02-20 07:58:02,1.0,1
1423123,0000-FCFB-0ABF-1388,1,237.8,7.354,1712.5,0.98,50.0,265.33,2026-02-20 07:58:03.000,2026-02-20 07:58:18.003,2026-02-20 07:58:03,1.0,1
1423126,0000-FCFB-0ABF-1388,1,237.7,7.356,1712.1,0.98,50.0,265.33,2026-02-20 07:58:04.000,2026-02-20 07:58:18.003,2026-02-20 07:58:04,1.0,1
1423129,0000-FCFB-0ABF-1388,1,237.7,7.356,1712.1,0.98,50.0,265.33,2026-02-20 07:58:05.000,2026-02-20 07:58:18.003,2026-02-20 07:58:05,1.0,1
1423132,0000-FCFB-0ABF-1388,1,237.6,7.354,1712.0,0.98,50.0,265.33,2026-02-20 07:58:06.000,2026-02-20 07:58:18.003,2026-02-20 07:58:06,1.0,1
1423135,0000-FCFB-0ABF-1388,1,237.6,7.354,1712.2,0.98,50.0,265.33,2026-02-20 07:58:07.000,2026-02-20 07:58:18.003,2026-02-20 07:58:07,1.0,1
1423138,0000-FCFB-0ABF-1388,1,237.6,7.353,1712.2,0.98,50.0,265.33,2026-02-20 07:58:08.000,2026-02-20 07:58:18.003,2026-02-20 07:58:08,1.0,1
1423141,0000-FCFB-0ABF-1388,1,237.7,7.36,1713.4,0.98,50.0,265.33,2026-02-20 07:58:09.000,2026-02-20 07:58:18.003,2026-02-20 07:58:09,1.0,1
1423144,0000-FCFB-0ABF-1388,1,237.7,7.36,1713.4,0.98,50.0,265.33,2026-02-20 07:58:10.000,2026-02-20 07:58:18.003,2026-02-20 07:58:10,1.0,1
1423147,0000-FCFB-0ABF-1388,1,237.6,7.358,1713.1,0.98,50.0,265.33,2026-02-20 07:58:11.000,2026-02-20 07:58:18.003,2026-02-20 07:58:11,1.0,1
1423150,0000-FCFB-0ABF-1388,1,237.6,7.361,1713.2,0.98,50.0,265.33,2026-02-20 07:58:12.000,2026-02-20 07:58:18.003,2026-02-20 07:58:12,1.0,1
1423153,0000-FCFB-0ABF-1388,1,237.5,7.364,1713.1,0.98,50.0,265.34,2026-02-20 07:58:13.000,2026-02-20 07:58:18.003,2026-02-20 07:58:13,1.0,1
1423156,0000-FCFB-0ABF-1388,1,237.5,7.364,1713.1,0.98,50.0,265.34,2026-02-20 07:58:14.000,2026-02-20 07:58:18.003,2026-02-20 07:58:14,1.0,1
1423159,0000-FCFB-0ABF-1388,1,237.4,7.362,1712.4,0.98,50.0,265.34,2026-02-20 07:58:15.000,2026-02-20 07:58:18.003,2026-02-20 07:58:15,1.0,1
1423162,0000-FCFB-0ABF-1388,1,237.5,7.37,1714.7,0.98,50.0,265.34,2026-02-20 07:58:16.000,2026-02-20 07:58:18.003,2026-02-20 07:58:16,1.0,1
1423165,0000-FCFB-0ABF-1388,1,237.5,7.361,1713.8,0.98,50.0,265.34,2026-02-20 07:58:17.000,2026-02-20 07:58:18.003,2026-02-20 07:58:17,1.0,1
1423258,0000-FCFB-0ABF-1388,1,237.5,7.364,1713.7,0.98,50.0,265.34,2026-02-20 07:58:18.000,2026-02-20 07:58:32.985,2026-02-20 07:58:18,1.0,1
1423261,0000-FCFB-0ABF-1388,1,237.5,7.364,1713.7,0.98,50.0,265.34,2026-02-20 07:58:19.000,2026-02-20 07:58:32.985,2026-02-20 07:58:19,1.0,1
1423264,0000-FCFB-0ABF-1388,1,237.4,7.362,1713.6,0.98,50.0,265.34,2026-02-20 07:58:20.000,2026-02-20 07:58:32.985,2026-02-20 07:58:20,1.0,1
1423267,0000-FCFB-0ABF-1388,1,237.5,7.365,1714.0,0.98,50.0,265.34,2026-02-20 07:58:21.000,2026-02-20 07:58:32.985,2026-02-20 07:58:21,1.0,1
1423270,0000-FCFB-0ABF-1388,1,237.4,7.374,1715.2,0.98,50.0,265.34,2026-02-20 07:58:22.000,2026-02-20 07:58:32.985,2026-02-20 07:58:22,1.0,1
1423273,0000-FCFB-0ABF-1388,1,237.5,7.375,1715.4,0.98,50.0,265.34,2026-02-20 07:58:23.000,2026-02-20 07:58:32.985,2026-02-20 07:58:23,1.0,1
1423276,0000-FCFB-0ABF-1388,1,237.5,7.375,1715.4,0.98,50.0,265.34,2026-02-20 07:58:24.000,2026-02-20 07:58:32.985,2026-02-20 07:58:24,1.0,1
1423279,0000-FCFB-0ABF-1388,1,237.5,7.37,1715.6,0.98,50.0,265.34,2026-02-20 07:58:25.000,2026-02-20 07:58:32.985,2026-02-20 07:58:25,1.0,1
1423282,0000-FCFB-0ABF-1388,1,237.4,7.371,1715.1,0.98,50.0,265.34,2026-02-20 07:58:26.000,2026-02-20 07:58:32.985,2026-02-20 07:58:26,1.0,1
1423285,0000-FCFB-0ABF-1388,1,237.5,7.38,1716.5,0.98,50.0,265.34,2026-02-20 07:58:27.000,2026-02-20 07:58:32.985,2026-02-20 07:58:27,1.0,1
1423288,0000-FCFB-0ABF-1388,1,237.4,7.375,1715.8,0.98,50.0,265.34,2026-02-20 07:58:28.000,2026-02-20 07:58:32.985,2026-02-20 07:58:28,1.0,1
1423291,0000-FCFB-0ABF-1388,1,237.4,7.375,1715.8,0.98,50.0,265.34,2026-02-20 07:58:29.000,2026-02-20 07:58:32.985,2026-02-20 07:58:29,1.0,1
1423294,0000-FCFB-0ABF-1388,1,237.2,7.382,1715.4,0.98,50.0,265.34,2026-02-20 07:58:30.000,2026-02-20 07:58:32.985,2026-02-20 07:58:30,1.0,1
1423297,0000-FCFB-0ABF-1388,1,237.1,7.382,1714.9,0.98,50.0,265.34,2026-02-20 07:58:31.000,2026-02-20 07:58:32.985,2026-02-20 07:58:31,1.0,1
1423300,0000-FCFB-0ABF-1388,1,237.0,7.383,1714.8,0.98,50.0,265.34,2026-02-20 07:58:32.000,2026-02-20 07:58:32.985,2026-02-20 07:58:32,1.0,1
1423345,0000-FCFB-0ABF-1388,1,237.0,7.383,1714.8,0.98,50.0,265.34,2026-02-20 07:58:33.000,2026-02-20 07:58:48.000,2026-02-20 07:58:33,1.0,1
1423348,0000-FCFB-0ABF-1388,1,237.0,7.386,1715.2,0.98,50.0,265.35,2026-02-20 07:58:34.000,2026-02-20 07:58:48.000,2026-02-20 07:58:34,1.0,1
1423351,0000-FCFB-0ABF-1388,1,237.1,7.385,1715.4,0.98,50.0,265.35,2026-02-20 07:58:35.000,2026-02-20 07:58:48.000,2026-02-20 07:58:35,1.0,1
1423354,0000-FCFB-0ABF-1388,1,237.1,7.383,1715.9,0.98,50.0,265.35,2026-02-20 07:58:36.000,2026-02-20 07:58:48.000,2026-02-20 07:58:36,1.0,1
1423357,0000-FCFB-0ABF-1388,1,237.1,7.383,1715.9,0.98,50.0,265.35,2026-02-20 07:58:37.000,2026-02-20 07:58:48.000,2026-02-20 07:58:37,1.0,1
1423360,0000-FCFB-0ABF-1388,1,237.1,7.394,1716.8,0.98,50.0,265.35,2026-02-20 07:58:38.000,2026-02-20 07:58:48.000,2026-02-20 07:58:38,1.0,1
1423363,0000-FCFB-0ABF-1388,1,237.0,7.391,1716.4,0.98,50.0,265.35,2026-02-20 07:58:39.000,2026-02-20 07:58:48.000,2026-02-20 07:58:39,1.0,1
1423366,0000-FCFB-0ABF-1388,1,237.0,7.391,1716.5,0.98,50.0,265.35,2026-02-20 07:58:40.000,2026-02-20 07:58:48.000,2026-02-20 07:58:40,1.0,1
1423369,0000-FCFB-0ABF-1388,1,237.0,7.397,1717.9,0.98,50.0,265.35,2026-02-20 07:58:41.000,2026-02-20 07:58:48.000,2026-02-20 07:58:41,1.0,1
1423372,0000-FCFB-0ABF-1388,1,237.0,7.397,1717.9,0.98,50.0,265.35,2026-02-20 07:58:42.000,2026-02-20 07:58:48.000,2026-02-20 07:58:42,1.0,1
1423375,0000-FCFB-0ABF-1388,1,237.0,7.396,1717.6,0.98,50.0,265.35,2026-02-20 07:58:43.000,2026-02-20 07:58:48.000,2026-02-20 07:58:43,1.0,1
1423378,0000-FCFB-0ABF-1388,1,236.7,7.407,1717.3,0.98,50.0,265.35,2026-02-20 07:58:44.000,2026-02-20 07:58:48.000,2026-02-20 07:58:44,1.0,1
1423381,0000-FCFB-0ABF-1388,1,236.8,7.403,1718.0,0.98,50.0,265.35,2026-02-20 07:58:45.000,2026-02-20 07:58:48.000,2026-02-20 07:58:45,1.0,1
1423384,0000-FCFB-0ABF-1388,1,236.8,7.403,1718.0,0.98,50.0,265.35,2026-02-20 07:58:46.000,2026-02-20 07:58:48.000,2026-02-20 07:58:46,1.0,1
1423387,0000-FCFB-0ABF-1388,1,236.6,7.405,1717.4,0.98,50.0,265.35,2026-02-20 07:58:47.000,2026-02-20 07:58:48.000,2026-02-20 07:58:47,1.0,1
1423432,0000-FCFB-0ABF-1388,1,236.6,7.398,1716.1,0.98,50.0,265.35,2026-02-20 07:58:48.000,2026-02-20 07:59:02.984,2026-02-20 07:58:48,1.0,1
1423435,0000-FCFB-0ABF-1388,1,236.5,7.401,1715.7,0.98,50.0,265.35,2026-02-20 07:58:49.000,2026-02-20 07:59:02.984,2026-02-20 07:58:49,1.0,1
1423438,0000-FCFB-0ABF-1388,1,236.4,7.402,1715.4,0.98,50.0,265.35,2026-02-20 07:58:50.000,2026-02-20 07:59:02.984,2026-02-20 07:58:50,1.0,1
1423441,0000-FCFB-0ABF-1388,1,236.4,7.402,1715.4,0.98,50.0,265.35,2026-02-20 07:58:51.000,2026-02-20 07:59:02.984,2026-02-20 07:58:51,1.0,1
1423444,0000-FCFB-0ABF-1388,1,236.5,6.906,1637.2,1.0,50.0,265.35,2026-02-20 07:58:52.000,2026-02-20 07:59:02.984,2026-02-20 07:58:52,1.0,1
1423447,0000-FCFB-0ABF-1388,1,237.9,0.89,172.0,0.81,50.0,265.35,2026-02-20 07:58:53.000,2026-02-20 07:59:02.984,2026-02-20 07:58:53,1.0,0
1423450,0000-FCFB-0ABF-1388,1,237.9,0.894,173.6,0.82,50.0,265.35,2026-02-20 07:58:54.000,2026-02-20 07:59:02.984,2026-02-20 07:58:54,1.0,0
1423453,0000-FCFB-0ABF-1388,1,237.9,0.893,173.5,0.82,50.0,265.35,2026-02-20 07:58:55.000,2026-02-20 07:59:02.984,2026-02-20 07:58:55,1.0,0
1423456,0000-FCFB-0ABF-1388,1,237.9,0.893,173.5,0.82,50.0,265.35,2026-02-20 07:58:56.000,2026-02-20 07:59:02.984,2026-02-20 07:58:56,1.0,0
1423459,0000-FCFB-0ABF-1388,1,237.8,0.894,173.5,0.82,50.0,265.35,2026-02-20 07:58:57.000,2026-02-20 07:59:02.984,2026-02-20 07:58:57,1.0,0
1423462,0000-FCFB-0ABF-1388,1,237.8,0.895,173.5,0.82,50.0,265.35,2026-02-20 07:58:58.000,2026-02-20 07:59:02.984,2026-02-20 07:58:58,1.0,0
1423465,0000-FCFB-0ABF-1388,1,237.8,0.894,173.5,0.82,50.0,265.35,2026-02-20 07:58:59.000,2026-02-20 07:59:02.984,2026-02-20 07:58:59,1.0,0
1423468,0000-FCFB-0ABF-1388,1,237.8,0.896,173.5,0.81,50.0,265.35,2026-02-20 07:59:00.000,2026-02-20 07:59:02.984,2026-02-20 07:59:00,1.0,0
1423471,0000-FCFB-0ABF-1388,1,237.8,0.896,173.5,0.81,50.0,265.35,2026-02-20 07:59:01.000,2026-02-20 07:59:02.984,2026-02-20 07:59:01,1.0,0
1423474,0000-FCFB-0ABF-1388,1,237.8,0.893,173.4,0.82,50.0,265.35,2026-02-20 07:59:02.000,2026-02-20 07:59:02.984,2026-02-20 07:59:02,1.0,0
1423519,0000-FCFB-0ABF-1388,1,238.0,0.894,173.7,0.82,49.9,265.35,2026-02-20 07:59:03.000,2026-02-20 07:59:18.038,2026-02-20 07:59:03,1.0,0
1423522,0000-FCFB-0ABF-1388,1,238.1,0.895,173.7,0.82,50.0,265.35,2026-02-20 07:59:04.000,2026-02-20 07:59:18.038,2026-02-20 07:59:04,1.0,0
1423525,0000-FCFB-0ABF-1388,1,238.1,0.895,173.7,0.82,50.0,265.35,2026-02-20 07:59:05.000,2026-02-20 07:59:18.038,2026-02-20 07:59:05,1.0,0
1423528,0000-FCFB-0ABF-1388,1,238.2,0.892,172.8,0.81,50.0,265.35,2026-02-20 07:59:06.000,2026-02-20 07:59:18.038,2026-02-20 07:59:06,1.0,0
1423531,0000-FCFB-0ABF-1388,1,238.2,0.886,170.7,0.81,49.9,265.35,2026-02-20 07:59:07.000,2026-02-20 07:59:18.038,2026-02-20 07:59:07,1.0,0
1423534,0000-FCFB-0ABF-1388,1,238.2,0.886,170.9,0.81,50.0,265.35,2026-02-20 07:59:08.000,2026-02-20 07:59:18.038,2026-02-20 07:59:08,1.0,0
1423537,0000-FCFB-0ABF-1388,1,238.2,0.886,170.9,0.81,50.0,265.35,2026-02-20 07:59:09.000,2026-02-20 07:59:18.038,2026-02-20 07:59:09,1.0,0
1423540,0000-FCFB-0ABF-1388,1,238.2,0.885,170.7,0.81,50.0,265.35,2026-02-20 07:59:10.000,2026-02-20 07:59:18.038,2026-02-20 07:59:10,1.0,0
1423543,0000-FCFB-0ABF-1388,1,238.1,0.887,170.7,0.81,50.0,265.35,2026-02-20 07:59:11.000,2026-02-20 07:59:18.038,2026-02-20 07:59:11,1.0,0
1423546,0000-FCFB-0ABF-1388,1,238.1,0.887,170.6,0.81,49.9,265.35,2026-02-20 07:59:12.000,2026-02-20 07:59:18.038,2026-02-20 07:59:12,1.0,0
1423549,0000-FCFB-0ABF-1388,1,238.0,0.887,170.7,0.81,50.0,265.35,2026-02-20 07:59:13.000,2026-02-20 07:59:18.038,2026-02-20 07:59:13,1.0,0
1423552,0000-FCFB-0ABF-1388,1,238.0,0.887,170.7,0.81,50.0,265.35,2026-02-20 07:59:14.000,2026-02-20 07:59:18.038,2026-02-20 07:59:14,1.0,0
1423555,0000-FCFB-0ABF-1388,1,238.0,0.888,170.7,0.81,50.0,265.35,2026-02-20 07:59:15.000,2026-02-20 07:59:18.038,2026-02-20 07:59:15,1.0,0
1423558,0000-FCFB-0ABF-1388,1,238.0,0.887,170.7,0.81,50.0,265.35,2026-02-20 07:59:16.000,2026-02-20 07:59:18.038,2026-02-20 07:59:16,1.0,0
1423561,0000-FCFB-0ABF-1388,1,238.2,0.886,170.8,0.81,50.0,265.35,2026-02-20 07:59:17.000,2026-02-20 07:59:18.038,2026-02-20 07:59:17,1.0,0
1423564,0000-FCFB-0ABF-1388,1,239.1,0.887,171.2,0.81,50.0,265.35,2026-02-20 07:59:18.000,2026-02-20 07:59:33.031,2026-02-20 07:59:18,1.0,0
1423567,0000-FCFB-0ABF-1388,1,239.1,0.887,171.2,0.81,50.0,265.35,2026-02-20 07:59:19.000,2026-02-20 07:59:33.031,2026-02-20 07:59:19,1.0,0
1423570,0000-FCFB-0ABF-1388,1,239.0,0.886,171.2,0.81,50.0,265.35,2026-02-20 07:59:20.000,2026-02-20 07:59:33.031,2026-02-20 07:59:20,1.0,0
1423573,0000-FCFB-0ABF-1388,1,239.1,0.885,171.2,0.81,50.0,265.35,2026-02-20 07:59:21.000,2026-02-20 07:59:33.031,2026-02-20 07:59:21,1.0,0
1423576,0000-FCFB-0ABF-1388,1,239.1,0.885,171.3,0.81,50.0,265.35,2026-02-20 07:59:22.000,2026-02-20 07:59:33.031,2026-02-20 07:59:22,1.0,0
1423579,0000-FCFB-0ABF-1388,1,239.2,0.885,171.5,0.81,50.0,265.35,2026-02-20 07:59:23.000,2026-02-20 07:59:33.031,2026-02-20 07:59:23,1.0,0
1423582,0000-FCFB-0ABF-1388,1,239.2,0.885,171.5,0.81,50.0,265.35,2026-02-20 07:59:24.000,2026-02-20 07:59:33.031,2026-02-20 07:59:24,1.0,0
1423585,0000-FCFB-0ABF-1388,1,239.2,0.884,171.3,0.81,50.0,265.35,2026-02-20 07:59:25.000,2026-02-20 07:59:33.031,2026-02-20 07:59:25,1.0,0
1423588,0000-FCFB-0ABF-1388,1,239.2,0.883,171.2,0.81,50.0,265.36,2026-02-20 07:59:26.000,2026-02-20 07:59:33.031,2026-02-20 07:59:26,1.0,0
1423591,0000-FCFB-0ABF-1388,1,239.2,0.883,171.4,0.81,50.0,265.36,2026-02-20 07:59:27.000,2026-02-20 07:59:33.031,2026-02-20 07:59:27,1.0,0
1423594,0000-FCFB-0ABF-1388,1,239.2,0.883,171.4,0.81,50.0,265.36,2026-02-20 07:59:28.000,2026-02-20 07:59:33.031,2026-02-20 07:59:28,1.0,0
1423597,0000-FCFB-0ABF-1388,1,239.1,0.882,171.2,0.81,50.0,265.36,2026-02-20 07:59:29.000,2026-02-20 07:59:33.031,2026-02-20 07:59:29,1.0,0
1423600,0000-FCFB-0ABF-1388,1,238.8,0.882,171.0,0.81,50.0,265.36,2026-02-20 07:59:30.000,2026-02-20 07:59:33.031,2026-02-20 07:59:30,1.0,0
1423603,0000-FCFB-0ABF-1388,1,238.6,0.882,171.0,0.81,50.0,265.36,2026-02-20 07:59:31.000,2026-02-20 07:59:33.031,2026-02-20 07:59:31,1.0,0
1423606,0000-FCFB-0ABF-1388,1,238.0,0.882,170.6,0.81,50.0,265.36,2026-02-20 07:59:32.000,2026-02-20 07:59:33.031,2026-02-20 07:59:32,1.0,0
1423678,0000-FCFB-0ABF-1388,1,238.0,0.882,170.6,0.81,50.0,265.36,2026-02-20 07:59:33.000,2026-02-20 08:00:06.382,2026-02-20 07:59:33,1.0,0
1423681,0000-FCFB-0ABF-1388,1,237.9,0.882,170.6,0.81,50.0,265.36,2026-02-20 07:59:34.000,2026-02-20 08:00:06.382,2026-02-20 07:59:34,1.0,0
1423684,0000-FCFB-0ABF-1388,1,238.0,0.882,170.6,0.81,50.0,265.36,2026-02-20 07:59:35.000,2026-02-20 08:00:06.382,2026-02-20 07:59:35,1.0,0
1423687,0000-FCFB-0ABF-1388,1,237.9,0.884,170.7,0.81,50.0,265.36,2026-02-20 07:59:36.000,2026-02-20 08:00:06.382,2026-02-20 07:59:36,1.0,0
1423690,0000-FCFB-0ABF-1388,1,237.9,0.884,170.7,0.81,50.0,265.36,2026-02-20 07:59:37.000,2026-02-20 08:00:06.382,2026-02-20 07:59:37,1.0,0
1423693,0000-FCFB-0ABF-1388,1,238.1,0.883,170.7,0.81,50.0,265.36,2026-02-20 07:59:38.000,2026-02-20 08:00:06.382,2026-02-20 07:59:38,1.0,0
1423696,0000-FCFB-0ABF-1388,1,238.1,0.884,170.7,0.81,50.0,265.36,2026-02-20 07:59:39.000,2026-02-20 08:00:06.382,2026-02-20 07:59:39,1.0,0
1423699,0000-FCFB-0ABF-1388,1,238.1,0.884,170.7,0.81,50.0,265.36,2026-02-20 07:59:40.000,2026-02-20 08:00:06.382,2026-02-20 07:59:40,1.0,0
1423702,0000-FCFB-0ABF-1388,1,238.1,0.884,170.7,0.81,50.0,265.36,2026-02-20 07:59:41.000,2026-02-20 08:00:06.382,2026-02-20 07:59:41,1.0,0
1423705,0000-FCFB-0ABF-1388,1,238.3,0.883,170.7,0.81,50.0,265.36,2026-02-20 07:59:42.000,2026-02-20 08:00:06.382,2026-02-20 07:59:42,1.0,0
1423708,0000-FCFB-0ABF-1388,1,238.2,0.884,170.9,0.81,50.0,265.36,2026-02-20 07:59:43.000,2026-02-20 08:00:06.382,2026-02-20 07:59:43,1.0,0
1423711,0000-FCFB-0ABF-1388,1,238.0,0.886,170.7,0.81,50.0,265.36,2026-02-20 07:59:44.000,2026-02-20 08:00:06.382,2026-02-20 07:59:44,1.0,0
1423714,0000-FCFB-0ABF-1388,1,238.0,0.887,170.7,0.81,50.0,265.36,2026-02-20 07:59:45.000,2026-02-20 08:00:06.382,2026-02-20 07:59:45,1.0,0
1423717,0000-FCFB-0ABF-1388,1,238.0,0.887,170.7,0.81,50.0,265.36,2026-02-20 07:59:46.000,2026-02-20 08:00:06.382,2026-02-20 07:59:46,1.0,0
1423720,0000-FCFB-0ABF-1388,1,238.0,0.887,170.7,0.81,50.0,265.36,2026-02-20 07:59:47.000,2026-02-20 08:00:06.382,2026-02-20 07:59:47,1.0,0
